law_key,jurisdiction_level,jurisdiction_code,value,value_numeric,status,effective_date,as_of,source_name,source_url,source_date,data_url,source_quote,source_hash,confidence,reviewed_by,notes
abortion_access,state,AK,protected,,in_effect,,2026-09-27,KFF,https://www.kff.org/womens-health-policy/abortion-in-the-u-s-dashboard/,2026-08-10,https://datawrapper.dwcdn.net/Q43DW/161/dataset.csv,Alaska: No gestational limits,,medium,etl.laws.refresh (automated),"No gestational limits. State has no gestational limits. In 1997, the Alaska Supreme Court that the state constitution protects the right to abortion."
abortion_access,state,AL,banned,,in_effect,,2026-09-27,KFF,https://www.kff.org/womens-health-policy/abortion-in-the-u-s-dashboard/,2026-08-10,https://datawrapper.dwcdn.net/Q43DW/161/dataset.csv,Alabama: Abortion banned,,medium,etl.laws.refresh (automated),"Abortion banned. State abortion ban went into effect June 24, 2022"
abortion_access,state,AR,banned,,in_effect,,2026-09-27,KFF,https://www.kff.org/womens-health-policy/abortion-in-the-u-s-dashboard/,2026-08-10,https://datawrapper.dwcdn.net/Q43DW/161/dataset.csv,Arkansas: Abortion banned,,medium,etl.laws.refresh (automated),"Abortion banned. Trigger law went into effect June 24, 2022, after Attorney General certified decision"
abortion_access,state,AZ,protected,,in_effect,,2026-09-27,KFF,https://www.kff.org/womens-health-policy/abortion-in-the-u-s-dashboard/,2026-08-10,https://datawrapper.dwcdn.net/Q43DW/161/dataset.csv,Arizona: Gestational limit at or near viability,,medium,etl.laws.refresh (automated),"Gestational limit at or near viability. Current gestational limit is fetal viability. On November 5, 2024, voters passed a state constitutional amendment protecting abortion up until viability, which went into effect on November 25, 2024, when the governor certified the election results. Providers filed a lawsuit challenging the state's 15-week LMP limit on 12/3/2024 and on the same day, the Arizona Attorney General submitted a stipulation with the court stating the state will not enforce the 15-week limit during litigation."
abortion_access,state,CA,protected,,in_effect,,2026-09-27,KFF,https://www.kff.org/womens-health-policy/abortion-in-the-u-s-dashboard/,2026-08-10,https://datawrapper.dwcdn.net/Q43DW/161/dataset.csv,California: Gestational limit at or near viability,,medium,etl.laws.refresh (automated),"Gestational limit at or near viability. Current gestational limit is fetal viability. State constitution protects the right to abortion. In 2022, California voters approved a constitutional amendment that protects the right to make reproductive decisions, including the right to choose to have an abortion."
abortion_access,state,CO,protected,,in_effect,,2026-09-27,KFF,https://www.kff.org/womens-health-policy/abortion-in-the-u-s-dashboard/,2026-08-10,https://datawrapper.dwcdn.net/Q43DW/161/dataset.csv,Colorado: No gestational limits,,medium,etl.laws.refresh (automated),"No gestational limits. State has no gestational limits. State law protects the right to abortion. On November 5, 2024, voters passed a ballot measure which will amend the state constitution to protect the right to abortion and to repeal a previous constitutional amendment that prohibited the use of state funds to provide abortion coverage."
abortion_access,state,CT,protected,,in_effect,,2026-09-27,KFF,https://www.kff.org/womens-health-policy/abortion-in-the-u-s-dashboard/,2026-08-10,https://datawrapper.dwcdn.net/Q43DW/161/dataset.csv,Connecticut: Gestational limit at or near viability,,medium,etl.laws.refresh (automated),Gestational limit at or near viability. Current gestational limit is fetal viability. State law protects the right to abortion
abortion_access,state,DC,protected,,in_effect,,2026-09-27,KFF,https://www.kff.org/womens-health-policy/abortion-in-the-u-s-dashboard/,2026-08-10,https://datawrapper.dwcdn.net/Q43DW/161/dataset.csv,District of Columbia: No gestational limits,,medium,etl.laws.refresh (automated),No gestational limits. D.C. has no gestational limit. D.C. law protects the right to abortion
abortion_access,state,DE,protected,,in_effect,,2026-09-27,KFF,https://www.kff.org/womens-health-policy/abortion-in-the-u-s-dashboard/,2026-08-10,https://datawrapper.dwcdn.net/Q43DW/161/dataset.csv,Delaware: Gestational limit at or near viability,,medium,etl.laws.refresh (automated),Gestational limit at or near viability. Current gestational limit is fetal viability. State law protects the right to abortion
abortion_access,state,FL,restricted,,in_effect,,2026-09-27,KFF,https://www.kff.org/womens-health-policy/abortion-in-the-u-s-dashboard/,2026-08-10,https://datawrapper.dwcdn.net/Q43DW/161/dataset.csv,Florida: Gestational limit between 6 and 12 weeks LMP,,medium,etl.laws.refresh (automated),"Gestational limit between 6 and 12 weeks LMP. The state's 6-week LMP ban is in effect as of May 1, 2024. On April 1, 2024, the State Supreme Court ruled that the state constitution does not protect the right to abortion, and that the State's then 15-week ban was constitutional. The State's 6-week LMP ban, which had been signed by the Governor on 4/13/2023, contained language stating that it would only go into effect after 30 days after the State Supreme Court ruled on the constitutionality of the 15-week ban. On November 5, 2024, Floridians voted on a ballot measure that would have amended the state constitution to protect abortion up until viability. While the measure got over 50% of votes, it failed to meet the state requirement of 60%"
abortion_access,state,GA,restricted,,in_effect,,2026-09-27,KFF,https://www.kff.org/womens-health-policy/abortion-in-the-u-s-dashboard/,2026-08-10,https://datawrapper.dwcdn.net/Q43DW/161/dataset.csv,Georgia: Gestational limit between 6 and 12 weeks LMP,,medium,etl.laws.refresh (automated),"Gestational limit between 6 and 12 weeks LMP. Current gestational limit is 6 weeks LMP On October 7, the State Supreme Court reinstated the 6 week LMP ban that had been blocked by the Superior Court of Fulton County on September 30, 2024 while litigation is ongoing."
abortion_access,state,HI,protected,,in_effect,,2026-09-27,KFF,https://www.kff.org/womens-health-policy/abortion-in-the-u-s-dashboard/,2026-08-10,https://datawrapper.dwcdn.net/Q43DW/161/dataset.csv,Hawaii: Gestational limit at or near viability,,medium,etl.laws.refresh (automated),Gestational limit at or near viability. Current gestational limit is fetal viability. State law protects the right to abortion
abortion_access,state,IA,restricted,,in_effect,,2026-09-27,KFF,https://www.kff.org/womens-health-policy/abortion-in-the-u-s-dashboard/,2026-08-10,https://datawrapper.dwcdn.net/Q43DW/161/dataset.csv,Iowa: Gestational limit between 6 and 12 weeks LMP,,medium,etl.laws.refresh (automated),"Gestational limit between 6 and 12 weeks LMP. The state's 6-week LMP limit is in effect as of July 29, 2024. On June 28, 2024 the Iowa Supreme Court ruled that the State's 6-week ban, which had been temporarily blocked since July 17, 2023, could go into effect."
abortion_access,state,ID,banned,,in_effect,,2026-09-27,KFF,https://www.kff.org/womens-health-policy/abortion-in-the-u-s-dashboard/,2026-08-10,https://datawrapper.dwcdn.net/Q43DW/161/dataset.csv,Idaho: Abortion banned,,medium,etl.laws.refresh (automated),"Abortion banned. State trigger law in effect on August 25, 2022, 30 days after SCOTUS judgement. A judge blocked part of the state's abortion ban on August 24, 2022, ruling that doctors cannot be prosecuted for performing abortions in medical emergencies."
abortion_access,state,IL,protected,,in_effect,,2026-09-27,KFF,https://www.kff.org/womens-health-policy/abortion-in-the-u-s-dashboard/,2026-08-10,https://datawrapper.dwcdn.net/Q43DW/161/dataset.csv,Illinois: Gestational limit at or near viability,,medium,etl.laws.refresh (automated),Gestational limit at or near viability. Current gestational limit is fetal viability. State law protects the right to abortion
abortion_access,state,IN,banned,,in_effect,,2026-09-27,KFF,https://www.kff.org/womens-health-policy/abortion-in-the-u-s-dashboard/,2026-08-10,https://datawrapper.dwcdn.net/Q43DW/161/dataset.csv,Indiana: Abortion banned,,medium,etl.laws.refresh (automated),"Abortion banned. State's abortion ban in effect since August 21, 2023. The state's abortion ban went into effect on August 21, 2023 after the State Supreme Court certified its June 30, 2023 ruling that abortion ban does not violate the state constitution."
abortion_access,state,KS,limited,,in_effect,,2026-09-27,KFF,https://www.kff.org/womens-health-policy/abortion-in-the-u-s-dashboard/,2026-08-10,https://datawrapper.dwcdn.net/Q43DW/161/dataset.csv,Kansas: Gestational limit between 18 and 22 weeks LMP,,medium,etl.laws.refresh (automated),"Gestational limit between 18 and 22 weeks LMP. Current gestational limit is 22 weeks LMP In 2019, the Kansas Supreme Court recognized the right to abortion under the state constitution."
abortion_access,state,KY,banned,,in_effect,,2026-09-27,KFF,https://www.kff.org/womens-health-policy/abortion-in-the-u-s-dashboard/,2026-08-10,https://datawrapper.dwcdn.net/Q43DW/161/dataset.csv,Kentucky: Abortion banned,,medium,etl.laws.refresh (automated),"Abortion banned. State trigger law in effect—law had initially gone into effect June 24, 2022 but was temporarily blocked by courts on June 30, 2022. Temporary stay was lifted on August 1, 2022."
abortion_access,state,LA,banned,,in_effect,,2026-09-27,KFF,https://www.kff.org/womens-health-policy/abortion-in-the-u-s-dashboard/,2026-08-10,https://datawrapper.dwcdn.net/Q43DW/161/dataset.csv,Louisiana: Abortion banned,,medium,etl.laws.refresh (automated),"Abortion banned. State trigger law in effect—law had initially gone into effect on June 24, 2022 but was temporarily blocked by courts on June 27, 2022. Temporary stay was lifted on July 8, 2022, and law was temporarily blocked again on July 12, 2022. Trigger ban went into effect once again on July 29, 2022."
abortion_access,state,MA,protected,,in_effect,,2026-09-27,KFF,https://www.kff.org/womens-health-policy/abortion-in-the-u-s-dashboard/,2026-08-10,https://datawrapper.dwcdn.net/Q43DW/161/dataset.csv,Massachusetts: Gestational limit at or near viability,,medium,etl.laws.refresh (automated),"Gestational limit at or near viability. Current gestational limit is 24 weeks LMP. On August 10, 2026, the Governor signed legislation expanding abortion access beyond 24 weeks LMP. The new law will take effect November 8, 2026 In 1981, the Massachusetts Supreme Judicial Court ruled that the right to abortion is protected under the state constitution."
abortion_access,state,MD,protected,,in_effect,,2026-09-27,KFF,https://www.kff.org/womens-health-policy/abortion-in-the-u-s-dashboard/,2026-08-10,https://datawrapper.dwcdn.net/Q43DW/161/dataset.csv,Maryland: No gestational limits,,medium,etl.laws.refresh (automated),"No gestational limits. State has no gestational limits. State law protects the right to abortion.<br. On November 5, 2024, voters passed a ballot measure which will amend the state constitution to guarantee a right to reproductive freedom, including the ability to prevent, continue, or end one's own pregnancy."
abortion_access,state,ME,protected,,in_effect,,2026-09-27,KFF,https://www.kff.org/womens-health-policy/abortion-in-the-u-s-dashboard/,2026-08-10,https://datawrapper.dwcdn.net/Q43DW/161/dataset.csv,Maine: Gestational limit at or near viability,,medium,etl.laws.refresh (automated),Gestational limit at or near viability. Current gestational limit is fetal viability. State law protects the right to abortion
abortion_access,state,MI,protected,,in_effect,,2026-09-27,KFF,https://www.kff.org/womens-health-policy/abortion-in-the-u-s-dashboard/,2026-08-10,https://datawrapper.dwcdn.net/Q43DW/161/dataset.csv,Michigan: No gestational limits,,medium,etl.laws.refresh (automated),"No gestational limits. State has no gestational limits. State constitution protects the right to abortion. In November 2022, Michigan voters approved a ballot measure for a constitutional amendment recognizing the right to abortion."
abortion_access,state,MN,protected,,in_effect,,2026-09-27,KFF,https://www.kff.org/womens-health-policy/abortion-in-the-u-s-dashboard/,2026-08-10,https://datawrapper.dwcdn.net/Q43DW/161/dataset.csv,Minnesota: No gestational limits,,medium,etl.laws.refresh (automated),"No gestational limits. State has no gestational limits. In 1995, the Minnesota Supreme Court recognized the right to abortion under the state constitution"
abortion_access,state,MO,protected,,in_effect,,2026-09-27,KFF,https://www.kff.org/womens-health-policy/abortion-in-the-u-s-dashboard/,2026-08-10,https://datawrapper.dwcdn.net/Q43DW/161/dataset.csv,Missouri: Gestational limit at or near viability,,medium,etl.laws.refresh (automated),"Gestational limit at or near viability. Current gestational limit is fetal viability. On May 27, 2025, the State Supreme Court lifted a lower court's injunction that had blocked state abortion restrictions. On December 20, 2024, a court blocked enforcement of Missouri's ban under the state's new reproductive freedom constitutional amendment. On November 5, 2024, voters passed a ballot measure which will amend the state constitution to protect reproductive freedom and ability to make and effectuate decisions around reproductive health, including abortion up to viability."
abortion_access,state,MS,banned,,in_effect,,2026-09-27,KFF,https://www.kff.org/womens-health-policy/abortion-in-the-u-s-dashboard/,2026-08-10,https://datawrapper.dwcdn.net/Q43DW/161/dataset.csv,Mississippi: Abortion banned,,medium,etl.laws.refresh (automated),"Abortion banned. Trigger law went into effect on July 7, 2022, 10 days after Attorney General certified SCOTUS's decision."
abortion_access,state,MT,protected,,in_effect,,2026-09-27,KFF,https://www.kff.org/womens-health-policy/abortion-in-the-u-s-dashboard/,2026-08-10,https://datawrapper.dwcdn.net/Q43DW/161/dataset.csv,Montana: Gestational limit at or near viability,,medium,etl.laws.refresh (automated),"Gestational limit at or near viability. Current gestational limit is fetal viability In 1999, the Montana Supreme Court recognized the right to abortion under the state constitution. On November 5, 2024, voters passed a ballot measure which will amend the state constitution to protect the right to abortion up to viability."
abortion_access,state,NC,restricted,,in_effect,,2026-09-27,KFF,https://www.kff.org/womens-health-policy/abortion-in-the-u-s-dashboard/,2026-08-10,https://datawrapper.dwcdn.net/Q43DW/161/dataset.csv,North Carolina: Gestational limit between 6 and 12 weeks LMP,,medium,etl.laws.refresh (automated),"Gestational limit between 6 and 12 weeks LMP. The State's 12-week LMP ban in effect as of July 1, 2023"
abortion_access,state,ND,banned,,in_effect,,2026-09-27,KFF,https://www.kff.org/womens-health-policy/abortion-in-the-u-s-dashboard/,2026-08-10,https://datawrapper.dwcdn.net/Q43DW/161/dataset.csv,North Dakota: Abortion banned,,medium,etl.laws.refresh (automated),"Abortion banned. State abortion ban in effect November 21, 2025. On November 21, 2025, the North Dakota Supreme Court ruled that the abortion ban is constitutional. The ban had been temporarily blocked after the North Dakota Supreme Court issued an injunction pending appeal on September 26, 2024."
abortion_access,state,NE,restricted,,in_effect,,2026-09-27,KFF,https://www.kff.org/womens-health-policy/abortion-in-the-u-s-dashboard/,2026-08-10,https://datawrapper.dwcdn.net/Q43DW/161/dataset.csv,Nebraska: Gestational limit between 6 and 12 weeks LMP,,medium,etl.laws.refresh (automated),"Gestational limit between 6 and 12 weeks LMP. The State's 12-week LMP ban in effect as of May 22, 2023. On November 5, 2024, Nebraskans voted on two citizen-initiated constitutional measures. A measure that would've amended the state constitution to recognize a fundamental right to abortion up to viability failed. The measure amending the constitution to ban abortion in the second and third trimesters passed."
abortion_access,state,NH,protected,,in_effect,,2026-09-27,KFF,https://www.kff.org/womens-health-policy/abortion-in-the-u-s-dashboard/,2026-08-10,https://datawrapper.dwcdn.net/Q43DW/161/dataset.csv,New Hampshire: Gestational limit at or near viability,,medium,etl.laws.refresh (automated),Gestational limit at or near viability. Current gestational limit is 24 weeks LMP
abortion_access,state,NJ,protected,,in_effect,,2026-09-27,KFF,https://www.kff.org/womens-health-policy/abortion-in-the-u-s-dashboard/,2026-08-10,https://datawrapper.dwcdn.net/Q43DW/161/dataset.csv,New Jersey: No gestational limits,,medium,etl.laws.refresh (automated),"No gestational limits. State has no gestational limits. In 1982, the New Jersey Supreme Court recognized the right to abortion under the state constitution."
abortion_access,state,NM,protected,,in_effect,,2026-09-27,KFF,https://www.kff.org/womens-health-policy/abortion-in-the-u-s-dashboard/,2026-08-10,https://datawrapper.dwcdn.net/Q43DW/161/dataset.csv,New Mexico: No gestational limits,,medium,etl.laws.refresh (automated),No gestational limits. State has no gestational limits. State law protects the right to abortion.
abortion_access,state,NV,protected,,in_effect,,2026-09-27,KFF,https://www.kff.org/womens-health-policy/abortion-in-the-u-s-dashboard/,2026-08-10,https://datawrapper.dwcdn.net/Q43DW/161/dataset.csv,Nevada: Gestational limit at or near viability,,medium,etl.laws.refresh (automated),"Gestational limit at or near viability. Current gestational limit is 24 weeks LMP On November 5, 2024, voters passed a ballot measure to amend the state constitution to protect a right to abortion until fetal viability or when necessary to protect the life or health of the pregnant person. Nevadans will need to approve on this measure again in 2026 for the amendment to be added to the constitution."
abortion_access,state,NY,protected,,in_effect,,2026-09-27,KFF,https://www.kff.org/womens-health-policy/abortion-in-the-u-s-dashboard/,2026-08-10,https://datawrapper.dwcdn.net/Q43DW/161/dataset.csv,New York: Gestational limit at or near viability,,medium,etl.laws.refresh (automated),"Gestational limit at or near viability. Current gestational limit is fetal viability State law protects the right to abortion On November 5, 2024, voters passed a ballot measure which will amend the state constitution's equal rights amendment to include anti-discrimination protections for pregnancy, pregnancy outcomes, and reproductive healthcare and autonomy. Amendment backers contend these anti-discrimination protections would bar the NY Legislature from enacting abortion restrictions"
abortion_access,state,OH,limited,,in_effect,,2026-09-27,KFF,https://www.kff.org/womens-health-policy/abortion-in-the-u-s-dashboard/,2026-08-10,https://datawrapper.dwcdn.net/Q43DW/161/dataset.csv,Ohio: Gestational limit between 18 and 22 weeks LMP,,medium,etl.laws.refresh (automated),"Gestational limit between 18 and 22 weeks LMP. Current gestational limit is 22 weeks LMP. The state has a 6-week LMP ban in its books that was blocked by a judge. State constitution protects the right to abortion. On November 7, 2023, voters passed a ballot measure amending the Ohio constitution to protect the right to abortion."
abortion_access,state,OK,banned,,in_effect,,2026-09-27,KFF,https://www.kff.org/womens-health-policy/abortion-in-the-u-s-dashboard/,2026-08-10,https://datawrapper.dwcdn.net/Q43DW/161/dataset.csv,Oklahoma: Abortion banned,,medium,etl.laws.refresh (automated),"Abortion banned. Trigger law went into effect June 24, 2022. SB 612, signed by the governor on April 12, 2022, went into effect August 25, 2022. The law increases criminal penalties associated with abortion."
abortion_access,state,OR,protected,,in_effect,,2026-09-27,KFF,https://www.kff.org/womens-health-policy/abortion-in-the-u-s-dashboard/,2026-08-10,https://datawrapper.dwcdn.net/Q43DW/161/dataset.csv,Oregon: No gestational limits,,medium,etl.laws.refresh (automated),No gestational limits. State has no gestational limits. State law protects the right to abortion
abortion_access,state,PA,protected,,in_effect,,2026-09-27,KFF,https://www.kff.org/womens-health-policy/abortion-in-the-u-s-dashboard/,2026-08-10,https://datawrapper.dwcdn.net/Q43DW/161/dataset.csv,Pennsylvania: Gestational limit at or near viability,,medium,etl.laws.refresh (automated),Gestational limit at or near viability. Current gestational limit is 24 weeks LMP
abortion_access,state,RI,protected,,in_effect,,2026-09-27,KFF,https://www.kff.org/womens-health-policy/abortion-in-the-u-s-dashboard/,2026-08-10,https://datawrapper.dwcdn.net/Q43DW/161/dataset.csv,Rhode Island: Gestational limit at or near viability,,medium,etl.laws.refresh (automated),Gestational limit at or near viability. Current gestational limit is fetal viability State law protects the right to abortion
abortion_access,state,SC,restricted,,in_effect,,2026-09-27,KFF,https://www.kff.org/womens-health-policy/abortion-in-the-u-s-dashboard/,2026-08-10,https://datawrapper.dwcdn.net/Q43DW/161/dataset.csv,South Carolina: Gestational limit between 6 and 12 weeks LMP,,medium,etl.laws.refresh (automated),"Gestational limit between 6 and 12 weeks LMP. The state's 6-week LMP ban is back in effect as of August 23, 2023. On May 26, 2023 a judge had granted a stay blocking the enforcement of the State's 6-week LMP ban. This order was reversed on August 23, 2023. In January 2023, in a 3-2 ruling the South Carolina Supreme Court struck down the state's previous 6-week LMP ban as unconstitutional. In February 2023, the justice who wrote that ruling retired and was replaced by a new justice."
abortion_access,state,SD,banned,,in_effect,,2026-09-27,KFF,https://www.kff.org/womens-health-policy/abortion-in-the-u-s-dashboard/,2026-08-10,https://datawrapper.dwcdn.net/Q43DW/161/dataset.csv,South Dakota: Abortion banned,,medium,etl.laws.refresh (automated),"Abortion banned. State trigger law went into effect June 24, 2022. On November 5, 2024, South Dakotans voted on Amendment G, which would have amended the state's constitution to state that the government could only prohibit abortion after the end of the second trimester. The measure did not pass."
abortion_access,state,TN,banned,,in_effect,,2026-09-27,KFF,https://www.kff.org/womens-health-policy/abortion-in-the-u-s-dashboard/,2026-08-10,https://datawrapper.dwcdn.net/Q43DW/161/dataset.csv,Tennessee: Abortion banned,,medium,etl.laws.refresh (automated),"Abortion banned. State trigger law in effect as of August 25, 2022, 30 days after SCOTUS judgement."
abortion_access,state,TX,banned,,in_effect,,2026-09-27,KFF,https://www.kff.org/womens-health-policy/abortion-in-the-u-s-dashboard/,2026-08-10,https://datawrapper.dwcdn.net/Q43DW/161/dataset.csv,Texas: Abortion banned,,medium,etl.laws.refresh (automated),"Abortion banned. Pre-Roe ban in effect—had previously been blocked by courts but State Supreme Court allowed it to go into effect on July 1, 2022. State trigger law went into effect on August 25, 2022, 30 days after SCOTUS judgement. The trigger law increases the criminal and civil penalties associated with abortion."
abortion_access,state,UT,limited,,in_effect,,2026-09-27,KFF,https://www.kff.org/womens-health-policy/abortion-in-the-u-s-dashboard/,2026-08-10,https://datawrapper.dwcdn.net/Q43DW/161/dataset.csv,Utah: Gestational limit between 18 and 22 weeks LMP,,medium,etl.laws.refresh (automated),Gestational limit between 18 and 22 weeks LMP. The state's 18 week LMP ban is in effect. State trigger ban temporarily blocked by courts.
abortion_access,state,VA,protected,,in_effect,,2026-09-27,KFF,https://www.kff.org/womens-health-policy/abortion-in-the-u-s-dashboard/,2026-08-10,https://datawrapper.dwcdn.net/Q43DW/161/dataset.csv,Virginia: Gestational limit at or near viability,,medium,etl.laws.refresh (automated),Gestational limit at or near viability. Current gestational limit is the 3rd trimester. No state law expressly protecting or banning abortion
abortion_access,state,VT,protected,,in_effect,,2026-09-27,KFF,https://www.kff.org/womens-health-policy/abortion-in-the-u-s-dashboard/,2026-08-10,https://datawrapper.dwcdn.net/Q43DW/161/dataset.csv,Vermont: No gestational limits,,medium,etl.laws.refresh (automated),"No gestational limits. State has no gestational limits. State constitution protects the right to abortion. In 2022, Vermont voters approved a constitutional amendment stating the constitution protects the right to reproductive autonomy, which includes abortion."
abortion_access,state,WA,protected,,in_effect,,2026-09-27,KFF,https://www.kff.org/womens-health-policy/abortion-in-the-u-s-dashboard/,2026-08-10,https://datawrapper.dwcdn.net/Q43DW/161/dataset.csv,Washington: Gestational limit at or near viability,,medium,etl.laws.refresh (automated),Gestational limit at or near viability. Current gestational limit is fetal viability State law protects the right to abortion
abortion_access,state,WI,limited,,in_effect,,2026-09-27,KFF,https://www.kff.org/womens-health-policy/abortion-in-the-u-s-dashboard/,2026-08-10,https://datawrapper.dwcdn.net/Q43DW/161/dataset.csv,Wisconsin: Gestational limit between 18 and 22 weeks LMP,,medium,etl.laws.refresh (automated),"Gestational limit between 18 and 22 weeks LMP. Current gestational limit is 22 weeks LMP. After the SCOTUS decision in Dobbs, the Wisconsin Attorney General challenged the state's pre-Roe ban, arguing it was not enforceable. In July 2023, a judge ruled that the 1849 law was not an abortion ban. The Attorney General had also previously stated that he would offer clemency to anyone prosecuted under the 1849 law. Planned Parenthood has announced it will start providing abortions in the state starting September 18, 2023."
abortion_access,state,WV,banned,,in_effect,,2026-09-27,KFF,https://www.kff.org/womens-health-policy/abortion-in-the-u-s-dashboard/,2026-08-10,https://datawrapper.dwcdn.net/Q43DW/161/dataset.csv,West Virginia: Abortion banned,,medium,etl.laws.refresh (automated),"Abortion banned. Abortion ban went into effect Sept. 16, 2022. State pre-Roe ban blocked by courts on 7/18/2022."
abortion_access,state,WY,protected,,in_effect,,2026-09-27,KFF,https://www.kff.org/womens-health-policy/abortion-in-the-u-s-dashboard/,2026-08-10,https://datawrapper.dwcdn.net/Q43DW/161/dataset.csv,Wyoming: Gestational limit at or near viability,,medium,etl.laws.refresh (automated),"Gestational limit at or near viability. Current gestational limit is fetal viability. On April 24, 2026, the Natrona County District Court blocked the state's 6 week LMP ban, which had gone into effect on 3/9/2026, after the Governor signed into law HB126. Prior to this 6 week ban, on January 6, 2026, the State Supreme Court struck down the state’s total abortion ban, which has been blocked since March 22, 2023."
electricity_price_cents_kwh,state,AK,26.09,26.09,in_effect,,2026-09-27,U.S. Energy Information Administration,"https://www.eia.gov/electricity/data/browser/#/topic/7?agg=0,1&geo=vvvvvvvvvvvvo&endsec=2&freq=A",2025-12-31,https://api.eia.gov/v2/electricity/retail-sales/data/?api_key=DEMO_KEY&frequency=annual&data[0]=price&facets[sectorid][]=RES&start=2023&sort[0][column]=period&sort[0][direction]=desc&length=500,"EIA retail sales, residential sector, AK, 2025: average price 26.09 cents/kWh",,high,etl.laws.refresh (automated),Average residential price for calendar year 2025.
electricity_price_cents_kwh,state,AL,16.10,16.1,in_effect,,2026-09-27,U.S. Energy Information Administration,"https://www.eia.gov/electricity/data/browser/#/topic/7?agg=0,1&geo=vvvvvvvvvvvvo&endsec=2&freq=A",2025-12-31,https://api.eia.gov/v2/electricity/retail-sales/data/?api_key=DEMO_KEY&frequency=annual&data[0]=price&facets[sectorid][]=RES&start=2023&sort[0][column]=period&sort[0][direction]=desc&length=500,"EIA retail sales, residential sector, AL, 2025: average price 16.10 cents/kWh",,high,etl.laws.refresh (automated),Average residential price for calendar year 2025.
electricity_price_cents_kwh,state,AR,12.84,12.84,in_effect,,2026-09-27,U.S. Energy Information Administration,"https://www.eia.gov/electricity/data/browser/#/topic/7?agg=0,1&geo=vvvvvvvvvvvvo&endsec=2&freq=A",2025-12-31,https://api.eia.gov/v2/electricity/retail-sales/data/?api_key=DEMO_KEY&frequency=annual&data[0]=price&facets[sectorid][]=RES&start=2023&sort[0][column]=period&sort[0][direction]=desc&length=500,"EIA retail sales, residential sector, AR, 2025: average price 12.84 cents/kWh",,high,etl.laws.refresh (automated),Average residential price for calendar year 2025.
electricity_price_cents_kwh,state,AZ,15.32,15.32,in_effect,,2026-09-27,U.S. Energy Information Administration,"https://www.eia.gov/electricity/data/browser/#/topic/7?agg=0,1&geo=vvvvvvvvvvvvo&endsec=2&freq=A",2025-12-31,https://api.eia.gov/v2/electricity/retail-sales/data/?api_key=DEMO_KEY&frequency=annual&data[0]=price&facets[sectorid][]=RES&start=2023&sort[0][column]=period&sort[0][direction]=desc&length=500,"EIA retail sales, residential sector, AZ, 2025: average price 15.32 cents/kWh",,high,etl.laws.refresh (automated),Average residential price for calendar year 2025.
electricity_price_cents_kwh,state,CA,32.54,32.54,in_effect,,2026-09-27,U.S. Energy Information Administration,"https://www.eia.gov/electricity/data/browser/#/topic/7?agg=0,1&geo=vvvvvvvvvvvvo&endsec=2&freq=A",2025-12-31,https://api.eia.gov/v2/electricity/retail-sales/data/?api_key=DEMO_KEY&frequency=annual&data[0]=price&facets[sectorid][]=RES&start=2023&sort[0][column]=period&sort[0][direction]=desc&length=500,"EIA retail sales, residential sector, CA, 2025: average price 32.54 cents/kWh",,high,etl.laws.refresh (automated),Average residential price for calendar year 2025.
electricity_price_cents_kwh,state,CO,15.85,15.85,in_effect,,2026-09-27,U.S. Energy Information Administration,"https://www.eia.gov/electricity/data/browser/#/topic/7?agg=0,1&geo=vvvvvvvvvvvvo&endsec=2&freq=A",2025-12-31,https://api.eia.gov/v2/electricity/retail-sales/data/?api_key=DEMO_KEY&frequency=annual&data[0]=price&facets[sectorid][]=RES&start=2023&sort[0][column]=period&sort[0][direction]=desc&length=500,"EIA retail sales, residential sector, CO, 2025: average price 15.85 cents/kWh",,high,etl.laws.refresh (automated),Average residential price for calendar year 2025.
electricity_price_cents_kwh,state,CT,29.38,29.38,in_effect,,2026-09-27,U.S. Energy Information Administration,"https://www.eia.gov/electricity/data/browser/#/topic/7?agg=0,1&geo=vvvvvvvvvvvvo&endsec=2&freq=A",2025-12-31,https://api.eia.gov/v2/electricity/retail-sales/data/?api_key=DEMO_KEY&frequency=annual&data[0]=price&facets[sectorid][]=RES&start=2023&sort[0][column]=period&sort[0][direction]=desc&length=500,"EIA retail sales, residential sector, CT, 2025: average price 29.38 cents/kWh",,high,etl.laws.refresh (automated),Average residential price for calendar year 2025.
electricity_price_cents_kwh,state,DC,21.94,21.94,in_effect,,2026-09-27,U.S. Energy Information Administration,"https://www.eia.gov/electricity/data/browser/#/topic/7?agg=0,1&geo=vvvvvvvvvvvvo&endsec=2&freq=A",2025-12-31,https://api.eia.gov/v2/electricity/retail-sales/data/?api_key=DEMO_KEY&frequency=annual&data[0]=price&facets[sectorid][]=RES&start=2023&sort[0][column]=period&sort[0][direction]=desc&length=500,"EIA retail sales, residential sector, DC, 2025: average price 21.94 cents/kWh",,high,etl.laws.refresh (automated),Average residential price for calendar year 2025.
electricity_price_cents_kwh,state,DE,17.13,17.13,in_effect,,2026-09-27,U.S. Energy Information Administration,"https://www.eia.gov/electricity/data/browser/#/topic/7?agg=0,1&geo=vvvvvvvvvvvvo&endsec=2&freq=A",2025-12-31,https://api.eia.gov/v2/electricity/retail-sales/data/?api_key=DEMO_KEY&frequency=annual&data[0]=price&facets[sectorid][]=RES&start=2023&sort[0][column]=period&sort[0][direction]=desc&length=500,"EIA retail sales, residential sector, DE, 2025: average price 17.13 cents/kWh",,high,etl.laws.refresh (automated),Average residential price for calendar year 2025.
electricity_price_cents_kwh,state,FL,15.24,15.24,in_effect,,2026-09-27,U.S. Energy Information Administration,"https://www.eia.gov/electricity/data/browser/#/topic/7?agg=0,1&geo=vvvvvvvvvvvvo&endsec=2&freq=A",2025-12-31,https://api.eia.gov/v2/electricity/retail-sales/data/?api_key=DEMO_KEY&frequency=annual&data[0]=price&facets[sectorid][]=RES&start=2023&sort[0][column]=period&sort[0][direction]=desc&length=500,"EIA retail sales, residential sector, FL, 2025: average price 15.24 cents/kWh",,high,etl.laws.refresh (automated),Average residential price for calendar year 2025.
electricity_price_cents_kwh,state,GA,14.73,14.73,in_effect,,2026-09-27,U.S. Energy Information Administration,"https://www.eia.gov/electricity/data/browser/#/topic/7?agg=0,1&geo=vvvvvvvvvvvvo&endsec=2&freq=A",2025-12-31,https://api.eia.gov/v2/electricity/retail-sales/data/?api_key=DEMO_KEY&frequency=annual&data[0]=price&facets[sectorid][]=RES&start=2023&sort[0][column]=period&sort[0][direction]=desc&length=500,"EIA retail sales, residential sector, GA, 2025: average price 14.73 cents/kWh",,high,etl.laws.refresh (automated),Average residential price for calendar year 2025.
electricity_price_cents_kwh,state,HI,40.59,40.59,in_effect,,2026-09-27,U.S. Energy Information Administration,"https://www.eia.gov/electricity/data/browser/#/topic/7?agg=0,1&geo=vvvvvvvvvvvvo&endsec=2&freq=A",2025-12-31,https://api.eia.gov/v2/electricity/retail-sales/data/?api_key=DEMO_KEY&frequency=annual&data[0]=price&facets[sectorid][]=RES&start=2023&sort[0][column]=period&sort[0][direction]=desc&length=500,"EIA retail sales, residential sector, HI, 2025: average price 40.59 cents/kWh",,high,etl.laws.refresh (automated),Average residential price for calendar year 2025.
electricity_price_cents_kwh,state,IA,13.72,13.72,in_effect,,2026-09-27,U.S. Energy Information Administration,"https://www.eia.gov/electricity/data/browser/#/topic/7?agg=0,1&geo=vvvvvvvvvvvvo&endsec=2&freq=A",2025-12-31,https://api.eia.gov/v2/electricity/retail-sales/data/?api_key=DEMO_KEY&frequency=annual&data[0]=price&facets[sectorid][]=RES&start=2023&sort[0][column]=period&sort[0][direction]=desc&length=500,"EIA retail sales, residential sector, IA, 2025: average price 13.72 cents/kWh",,high,etl.laws.refresh (automated),Average residential price for calendar year 2025.
electricity_price_cents_kwh,state,ID,11.82,11.82,in_effect,,2026-09-27,U.S. Energy Information Administration,"https://www.eia.gov/electricity/data/browser/#/topic/7?agg=0,1&geo=vvvvvvvvvvvvo&endsec=2&freq=A",2025-12-31,https://api.eia.gov/v2/electricity/retail-sales/data/?api_key=DEMO_KEY&frequency=annual&data[0]=price&facets[sectorid][]=RES&start=2023&sort[0][column]=period&sort[0][direction]=desc&length=500,"EIA retail sales, residential sector, ID, 2025: average price 11.82 cents/kWh",,high,etl.laws.refresh (automated),Average residential price for calendar year 2025.
electricity_price_cents_kwh,state,IL,17.69,17.69,in_effect,,2026-09-27,U.S. Energy Information Administration,"https://www.eia.gov/electricity/data/browser/#/topic/7?agg=0,1&geo=vvvvvvvvvvvvo&endsec=2&freq=A",2025-12-31,https://api.eia.gov/v2/electricity/retail-sales/data/?api_key=DEMO_KEY&frequency=annual&data[0]=price&facets[sectorid][]=RES&start=2023&sort[0][column]=period&sort[0][direction]=desc&length=500,"EIA retail sales, residential sector, IL, 2025: average price 17.69 cents/kWh",,high,etl.laws.refresh (automated),Average residential price for calendar year 2025.
electricity_price_cents_kwh,state,IN,16.23,16.23,in_effect,,2026-09-27,U.S. Energy Information Administration,"https://www.eia.gov/electricity/data/browser/#/topic/7?agg=0,1&geo=vvvvvvvvvvvvo&endsec=2&freq=A",2025-12-31,https://api.eia.gov/v2/electricity/retail-sales/data/?api_key=DEMO_KEY&frequency=annual&data[0]=price&facets[sectorid][]=RES&start=2023&sort[0][column]=period&sort[0][direction]=desc&length=500,"EIA retail sales, residential sector, IN, 2025: average price 16.23 cents/kWh",,high,etl.laws.refresh (automated),Average residential price for calendar year 2025.
electricity_price_cents_kwh,state,KS,14.56,14.56,in_effect,,2026-09-27,U.S. Energy Information Administration,"https://www.eia.gov/electricity/data/browser/#/topic/7?agg=0,1&geo=vvvvvvvvvvvvo&endsec=2&freq=A",2025-12-31,https://api.eia.gov/v2/electricity/retail-sales/data/?api_key=DEMO_KEY&frequency=annual&data[0]=price&facets[sectorid][]=RES&start=2023&sort[0][column]=period&sort[0][direction]=desc&length=500,"EIA retail sales, residential sector, KS, 2025: average price 14.56 cents/kWh",,high,etl.laws.refresh (automated),Average residential price for calendar year 2025.
electricity_price_cents_kwh,state,KY,13.24,13.24,in_effect,,2026-09-27,U.S. Energy Information Administration,"https://www.eia.gov/electricity/data/browser/#/topic/7?agg=0,1&geo=vvvvvvvvvvvvo&endsec=2&freq=A",2025-12-31,https://api.eia.gov/v2/electricity/retail-sales/data/?api_key=DEMO_KEY&frequency=annual&data[0]=price&facets[sectorid][]=RES&start=2023&sort[0][column]=period&sort[0][direction]=desc&length=500,"EIA retail sales, residential sector, KY, 2025: average price 13.24 cents/kWh",,high,etl.laws.refresh (automated),Average residential price for calendar year 2025.
electricity_price_cents_kwh,state,LA,12.57,12.57,in_effect,,2026-09-27,U.S. Energy Information Administration,"https://www.eia.gov/electricity/data/browser/#/topic/7?agg=0,1&geo=vvvvvvvvvvvvo&endsec=2&freq=A",2025-12-31,https://api.eia.gov/v2/electricity/retail-sales/data/?api_key=DEMO_KEY&frequency=annual&data[0]=price&facets[sectorid][]=RES&start=2023&sort[0][column]=period&sort[0][direction]=desc&length=500,"EIA retail sales, residential sector, LA, 2025: average price 12.57 cents/kWh",,high,etl.laws.refresh (automated),Average residential price for calendar year 2025.
electricity_price_cents_kwh,state,MA,30.48,30.48,in_effect,,2026-09-27,U.S. Energy Information Administration,"https://www.eia.gov/electricity/data/browser/#/topic/7?agg=0,1&geo=vvvvvvvvvvvvo&endsec=2&freq=A",2025-12-31,https://api.eia.gov/v2/electricity/retail-sales/data/?api_key=DEMO_KEY&frequency=annual&data[0]=price&facets[sectorid][]=RES&start=2023&sort[0][column]=period&sort[0][direction]=desc&length=500,"EIA retail sales, residential sector, MA, 2025: average price 30.48 cents/kWh",,high,etl.laws.refresh (automated),Average residential price for calendar year 2025.
electricity_price_cents_kwh,state,MD,19.48,19.48,in_effect,,2026-09-27,U.S. Energy Information Administration,"https://www.eia.gov/electricity/data/browser/#/topic/7?agg=0,1&geo=vvvvvvvvvvvvo&endsec=2&freq=A",2025-12-31,https://api.eia.gov/v2/electricity/retail-sales/data/?api_key=DEMO_KEY&frequency=annual&data[0]=price&facets[sectorid][]=RES&start=2023&sort[0][column]=period&sort[0][direction]=desc&length=500,"EIA retail sales, residential sector, MD, 2025: average price 19.48 cents/kWh",,high,etl.laws.refresh (automated),Average residential price for calendar year 2025.
electricity_price_cents_kwh,state,ME,27.78,27.78,in_effect,,2026-09-27,U.S. Energy Information Administration,"https://www.eia.gov/electricity/data/browser/#/topic/7?agg=0,1&geo=vvvvvvvvvvvvo&endsec=2&freq=A",2025-12-31,https://api.eia.gov/v2/electricity/retail-sales/data/?api_key=DEMO_KEY&frequency=annual&data[0]=price&facets[sectorid][]=RES&start=2023&sort[0][column]=period&sort[0][direction]=desc&length=500,"EIA retail sales, residential sector, ME, 2025: average price 27.78 cents/kWh",,high,etl.laws.refresh (automated),Average residential price for calendar year 2025.
electricity_price_cents_kwh,state,MI,20.01,20.01,in_effect,,2026-09-27,U.S. Energy Information Administration,"https://www.eia.gov/electricity/data/browser/#/topic/7?agg=0,1&geo=vvvvvvvvvvvvo&endsec=2&freq=A",2025-12-31,https://api.eia.gov/v2/electricity/retail-sales/data/?api_key=DEMO_KEY&frequency=annual&data[0]=price&facets[sectorid][]=RES&start=2023&sort[0][column]=period&sort[0][direction]=desc&length=500,"EIA retail sales, residential sector, MI, 2025: average price 20.01 cents/kWh",,high,etl.laws.refresh (automated),Average residential price for calendar year 2025.
electricity_price_cents_kwh,state,MN,15.82,15.82,in_effect,,2026-09-27,U.S. Energy Information Administration,"https://www.eia.gov/electricity/data/browser/#/topic/7?agg=0,1&geo=vvvvvvvvvvvvo&endsec=2&freq=A",2025-12-31,https://api.eia.gov/v2/electricity/retail-sales/data/?api_key=DEMO_KEY&frequency=annual&data[0]=price&facets[sectorid][]=RES&start=2023&sort[0][column]=period&sort[0][direction]=desc&length=500,"EIA retail sales, residential sector, MN, 2025: average price 15.82 cents/kWh",,high,etl.laws.refresh (automated),Average residential price for calendar year 2025.
electricity_price_cents_kwh,state,MO,13.49,13.49,in_effect,,2026-09-27,U.S. Energy Information Administration,"https://www.eia.gov/electricity/data/browser/#/topic/7?agg=0,1&geo=vvvvvvvvvvvvo&endsec=2&freq=A",2025-12-31,https://api.eia.gov/v2/electricity/retail-sales/data/?api_key=DEMO_KEY&frequency=annual&data[0]=price&facets[sectorid][]=RES&start=2023&sort[0][column]=period&sort[0][direction]=desc&length=500,"EIA retail sales, residential sector, MO, 2025: average price 13.49 cents/kWh",,high,etl.laws.refresh (automated),Average residential price for calendar year 2025.
electricity_price_cents_kwh,state,MS,14.03,14.03,in_effect,,2026-09-27,U.S. Energy Information Administration,"https://www.eia.gov/electricity/data/browser/#/topic/7?agg=0,1&geo=vvvvvvvvvvvvo&endsec=2&freq=A",2025-12-31,https://api.eia.gov/v2/electricity/retail-sales/data/?api_key=DEMO_KEY&frequency=annual&data[0]=price&facets[sectorid][]=RES&start=2023&sort[0][column]=period&sort[0][direction]=desc&length=500,"EIA retail sales, residential sector, MS, 2025: average price 14.03 cents/kWh",,high,etl.laws.refresh (automated),Average residential price for calendar year 2025.
electricity_price_cents_kwh,state,MT,12.98,12.98,in_effect,,2026-09-27,U.S. Energy Information Administration,"https://www.eia.gov/electricity/data/browser/#/topic/7?agg=0,1&geo=vvvvvvvvvvvvo&endsec=2&freq=A",2025-12-31,https://api.eia.gov/v2/electricity/retail-sales/data/?api_key=DEMO_KEY&frequency=annual&data[0]=price&facets[sectorid][]=RES&start=2023&sort[0][column]=period&sort[0][direction]=desc&length=500,"EIA retail sales, residential sector, MT, 2025: average price 12.98 cents/kWh",,high,etl.laws.refresh (automated),Average residential price for calendar year 2025.
electricity_price_cents_kwh,state,NC,14.02,14.02,in_effect,,2026-09-27,U.S. Energy Information Administration,"https://www.eia.gov/electricity/data/browser/#/topic/7?agg=0,1&geo=vvvvvvvvvvvvo&endsec=2&freq=A",2025-12-31,https://api.eia.gov/v2/electricity/retail-sales/data/?api_key=DEMO_KEY&frequency=annual&data[0]=price&facets[sectorid][]=RES&start=2023&sort[0][column]=period&sort[0][direction]=desc&length=500,"EIA retail sales, residential sector, NC, 2025: average price 14.02 cents/kWh",,high,etl.laws.refresh (automated),Average residential price for calendar year 2025.
electricity_price_cents_kwh,state,ND,11.81,11.81,in_effect,,2026-09-27,U.S. Energy Information Administration,"https://www.eia.gov/electricity/data/browser/#/topic/7?agg=0,1&geo=vvvvvvvvvvvvo&endsec=2&freq=A",2025-12-31,https://api.eia.gov/v2/electricity/retail-sales/data/?api_key=DEMO_KEY&frequency=annual&data[0]=price&facets[sectorid][]=RES&start=2023&sort[0][column]=period&sort[0][direction]=desc&length=500,"EIA retail sales, residential sector, ND, 2025: average price 11.81 cents/kWh",,high,etl.laws.refresh (automated),Average residential price for calendar year 2025.
electricity_price_cents_kwh,state,NE,12.34,12.34,in_effect,,2026-09-27,U.S. Energy Information Administration,"https://www.eia.gov/electricity/data/browser/#/topic/7?agg=0,1&geo=vvvvvvvvvvvvo&endsec=2&freq=A",2025-12-31,https://api.eia.gov/v2/electricity/retail-sales/data/?api_key=DEMO_KEY&frequency=annual&data[0]=price&facets[sectorid][]=RES&start=2023&sort[0][column]=period&sort[0][direction]=desc&length=500,"EIA retail sales, residential sector, NE, 2025: average price 12.34 cents/kWh",,high,etl.laws.refresh (automated),Average residential price for calendar year 2025.
electricity_price_cents_kwh,state,NH,24.56,24.56,in_effect,,2026-09-27,U.S. Energy Information Administration,"https://www.eia.gov/electricity/data/browser/#/topic/7?agg=0,1&geo=vvvvvvvvvvvvo&endsec=2&freq=A",2025-12-31,https://api.eia.gov/v2/electricity/retail-sales/data/?api_key=DEMO_KEY&frequency=annual&data[0]=price&facets[sectorid][]=RES&start=2023&sort[0][column]=period&sort[0][direction]=desc&length=500,"EIA retail sales, residential sector, NH, 2025: average price 24.56 cents/kWh",,high,etl.laws.refresh (automated),Average residential price for calendar year 2025.
electricity_price_cents_kwh,state,NJ,22.63,22.63,in_effect,,2026-09-27,U.S. Energy Information Administration,"https://www.eia.gov/electricity/data/browser/#/topic/7?agg=0,1&geo=vvvvvvvvvvvvo&endsec=2&freq=A",2025-12-31,https://api.eia.gov/v2/electricity/retail-sales/data/?api_key=DEMO_KEY&frequency=annual&data[0]=price&facets[sectorid][]=RES&start=2023&sort[0][column]=period&sort[0][direction]=desc&length=500,"EIA retail sales, residential sector, NJ, 2025: average price 22.63 cents/kWh",,high,etl.laws.refresh (automated),Average residential price for calendar year 2025.
electricity_price_cents_kwh,state,NM,15.08,15.08,in_effect,,2026-09-27,U.S. Energy Information Administration,"https://www.eia.gov/electricity/data/browser/#/topic/7?agg=0,1&geo=vvvvvvvvvvvvo&endsec=2&freq=A",2025-12-31,https://api.eia.gov/v2/electricity/retail-sales/data/?api_key=DEMO_KEY&frequency=annual&data[0]=price&facets[sectorid][]=RES&start=2023&sort[0][column]=period&sort[0][direction]=desc&length=500,"EIA retail sales, residential sector, NM, 2025: average price 15.08 cents/kWh",,high,etl.laws.refresh (automated),Average residential price for calendar year 2025.
electricity_price_cents_kwh,state,NV,13.15,13.15,in_effect,,2026-09-27,U.S. Energy Information Administration,"https://www.eia.gov/electricity/data/browser/#/topic/7?agg=0,1&geo=vvvvvvvvvvvvo&endsec=2&freq=A",2025-12-31,https://api.eia.gov/v2/electricity/retail-sales/data/?api_key=DEMO_KEY&frequency=annual&data[0]=price&facets[sectorid][]=RES&start=2023&sort[0][column]=period&sort[0][direction]=desc&length=500,"EIA retail sales, residential sector, NV, 2025: average price 13.15 cents/kWh",,high,etl.laws.refresh (automated),Average residential price for calendar year 2025.
electricity_price_cents_kwh,state,NY,26.39,26.39,in_effect,,2026-09-27,U.S. Energy Information Administration,"https://www.eia.gov/electricity/data/browser/#/topic/7?agg=0,1&geo=vvvvvvvvvvvvo&endsec=2&freq=A",2025-12-31,https://api.eia.gov/v2/electricity/retail-sales/data/?api_key=DEMO_KEY&frequency=annual&data[0]=price&facets[sectorid][]=RES&start=2023&sort[0][column]=period&sort[0][direction]=desc&length=500,"EIA retail sales, residential sector, NY, 2025: average price 26.39 cents/kWh",,high,etl.laws.refresh (automated),Average residential price for calendar year 2025.
electricity_price_cents_kwh,state,OH,16.96,16.96,in_effect,,2026-09-27,U.S. Energy Information Administration,"https://www.eia.gov/electricity/data/browser/#/topic/7?agg=0,1&geo=vvvvvvvvvvvvo&endsec=2&freq=A",2025-12-31,https://api.eia.gov/v2/electricity/retail-sales/data/?api_key=DEMO_KEY&frequency=annual&data[0]=price&facets[sectorid][]=RES&start=2023&sort[0][column]=period&sort[0][direction]=desc&length=500,"EIA retail sales, residential sector, OH, 2025: average price 16.96 cents/kWh",,high,etl.laws.refresh (automated),Average residential price for calendar year 2025.
electricity_price_cents_kwh,state,OK,13.12,13.12,in_effect,,2026-09-27,U.S. Energy Information Administration,"https://www.eia.gov/electricity/data/browser/#/topic/7?agg=0,1&geo=vvvvvvvvvvvvo&endsec=2&freq=A",2025-12-31,https://api.eia.gov/v2/electricity/retail-sales/data/?api_key=DEMO_KEY&frequency=annual&data[0]=price&facets[sectorid][]=RES&start=2023&sort[0][column]=period&sort[0][direction]=desc&length=500,"EIA retail sales, residential sector, OK, 2025: average price 13.12 cents/kWh",,high,etl.laws.refresh (automated),Average residential price for calendar year 2025.
electricity_price_cents_kwh,state,OR,15.37,15.37,in_effect,,2026-09-27,U.S. Energy Information Administration,"https://www.eia.gov/electricity/data/browser/#/topic/7?agg=0,1&geo=vvvvvvvvvvvvo&endsec=2&freq=A",2025-12-31,https://api.eia.gov/v2/electricity/retail-sales/data/?api_key=DEMO_KEY&frequency=annual&data[0]=price&facets[sectorid][]=RES&start=2023&sort[0][column]=period&sort[0][direction]=desc&length=500,"EIA retail sales, residential sector, OR, 2025: average price 15.37 cents/kWh",,high,etl.laws.refresh (automated),Average residential price for calendar year 2025.
electricity_price_cents_kwh,state,PA,19.30,19.3,in_effect,,2026-09-27,U.S. Energy Information Administration,"https://www.eia.gov/electricity/data/browser/#/topic/7?agg=0,1&geo=vvvvvvvvvvvvo&endsec=2&freq=A",2025-12-31,https://api.eia.gov/v2/electricity/retail-sales/data/?api_key=DEMO_KEY&frequency=annual&data[0]=price&facets[sectorid][]=RES&start=2023&sort[0][column]=period&sort[0][direction]=desc&length=500,"EIA retail sales, residential sector, PA, 2025: average price 19.30 cents/kWh",,high,etl.laws.refresh (automated),Average residential price for calendar year 2025.
electricity_price_cents_kwh,state,RI,29.46,29.46,in_effect,,2026-09-27,U.S. Energy Information Administration,"https://www.eia.gov/electricity/data/browser/#/topic/7?agg=0,1&geo=vvvvvvvvvvvvo&endsec=2&freq=A",2025-12-31,https://api.eia.gov/v2/electricity/retail-sales/data/?api_key=DEMO_KEY&frequency=annual&data[0]=price&facets[sectorid][]=RES&start=2023&sort[0][column]=period&sort[0][direction]=desc&length=500,"EIA retail sales, residential sector, RI, 2025: average price 29.46 cents/kWh",,high,etl.laws.refresh (automated),Average residential price for calendar year 2025.
electricity_price_cents_kwh,state,SC,14.96,14.96,in_effect,,2026-09-27,U.S. Energy Information Administration,"https://www.eia.gov/electricity/data/browser/#/topic/7?agg=0,1&geo=vvvvvvvvvvvvo&endsec=2&freq=A",2025-12-31,https://api.eia.gov/v2/electricity/retail-sales/data/?api_key=DEMO_KEY&frequency=annual&data[0]=price&facets[sectorid][]=RES&start=2023&sort[0][column]=period&sort[0][direction]=desc&length=500,"EIA retail sales, residential sector, SC, 2025: average price 14.96 cents/kWh",,high,etl.laws.refresh (automated),Average residential price for calendar year 2025.
electricity_price_cents_kwh,state,SD,13.38,13.38,in_effect,,2026-09-27,U.S. Energy Information Administration,"https://www.eia.gov/electricity/data/browser/#/topic/7?agg=0,1&geo=vvvvvvvvvvvvo&endsec=2&freq=A",2025-12-31,https://api.eia.gov/v2/electricity/retail-sales/data/?api_key=DEMO_KEY&frequency=annual&data[0]=price&facets[sectorid][]=RES&start=2023&sort[0][column]=period&sort[0][direction]=desc&length=500,"EIA retail sales, residential sector, SD, 2025: average price 13.38 cents/kWh",,high,etl.laws.refresh (automated),Average residential price for calendar year 2025.
electricity_price_cents_kwh,state,TN,13.18,13.18,in_effect,,2026-09-27,U.S. Energy Information Administration,"https://www.eia.gov/electricity/data/browser/#/topic/7?agg=0,1&geo=vvvvvvvvvvvvo&endsec=2&freq=A",2025-12-31,https://api.eia.gov/v2/electricity/retail-sales/data/?api_key=DEMO_KEY&frequency=annual&data[0]=price&facets[sectorid][]=RES&start=2023&sort[0][column]=period&sort[0][direction]=desc&length=500,"EIA retail sales, residential sector, TN, 2025: average price 13.18 cents/kWh",,high,etl.laws.refresh (automated),Average residential price for calendar year 2025.
electricity_price_cents_kwh,state,TX,15.47,15.47,in_effect,,2026-09-27,U.S. Energy Information Administration,"https://www.eia.gov/electricity/data/browser/#/topic/7?agg=0,1&geo=vvvvvvvvvvvvo&endsec=2&freq=A",2025-12-31,https://api.eia.gov/v2/electricity/retail-sales/data/?api_key=DEMO_KEY&frequency=annual&data[0]=price&facets[sectorid][]=RES&start=2023&sort[0][column]=period&sort[0][direction]=desc&length=500,"EIA retail sales, residential sector, TX, 2025: average price 15.47 cents/kWh",,high,etl.laws.refresh (automated),Average residential price for calendar year 2025.
electricity_price_cents_kwh,state,UT,13.07,13.07,in_effect,,2026-09-27,U.S. Energy Information Administration,"https://www.eia.gov/electricity/data/browser/#/topic/7?agg=0,1&geo=vvvvvvvvvvvvo&endsec=2&freq=A",2025-12-31,https://api.eia.gov/v2/electricity/retail-sales/data/?api_key=DEMO_KEY&frequency=annual&data[0]=price&facets[sectorid][]=RES&start=2023&sort[0][column]=period&sort[0][direction]=desc&length=500,"EIA retail sales, residential sector, UT, 2025: average price 13.07 cents/kWh",,high,etl.laws.refresh (automated),Average residential price for calendar year 2025.
electricity_price_cents_kwh,state,VA,15.28,15.28,in_effect,,2026-09-27,U.S. Energy Information Administration,"https://www.eia.gov/electricity/data/browser/#/topic/7?agg=0,1&geo=vvvvvvvvvvvvo&endsec=2&freq=A",2025-12-31,https://api.eia.gov/v2/electricity/retail-sales/data/?api_key=DEMO_KEY&frequency=annual&data[0]=price&facets[sectorid][]=RES&start=2023&sort[0][column]=period&sort[0][direction]=desc&length=500,"EIA retail sales, residential sector, VA, 2025: average price 15.28 cents/kWh",,high,etl.laws.refresh (automated),Average residential price for calendar year 2025.
electricity_price_cents_kwh,state,VT,22.92,22.92,in_effect,,2026-09-27,U.S. Energy Information Administration,"https://www.eia.gov/electricity/data/browser/#/topic/7?agg=0,1&geo=vvvvvvvvvvvvo&endsec=2&freq=A",2025-12-31,https://api.eia.gov/v2/electricity/retail-sales/data/?api_key=DEMO_KEY&frequency=annual&data[0]=price&facets[sectorid][]=RES&start=2023&sort[0][column]=period&sort[0][direction]=desc&length=500,"EIA retail sales, residential sector, VT, 2025: average price 22.92 cents/kWh",,high,etl.laws.refresh (automated),Average residential price for calendar year 2025.
electricity_price_cents_kwh,state,WA,13.11,13.11,in_effect,,2026-09-27,U.S. Energy Information Administration,"https://www.eia.gov/electricity/data/browser/#/topic/7?agg=0,1&geo=vvvvvvvvvvvvo&endsec=2&freq=A",2025-12-31,https://api.eia.gov/v2/electricity/retail-sales/data/?api_key=DEMO_KEY&frequency=annual&data[0]=price&facets[sectorid][]=RES&start=2023&sort[0][column]=period&sort[0][direction]=desc&length=500,"EIA retail sales, residential sector, WA, 2025: average price 13.11 cents/kWh",,high,etl.laws.refresh (automated),Average residential price for calendar year 2025.
electricity_price_cents_kwh,state,WI,18.16,18.16,in_effect,,2026-09-27,U.S. Energy Information Administration,"https://www.eia.gov/electricity/data/browser/#/topic/7?agg=0,1&geo=vvvvvvvvvvvvo&endsec=2&freq=A",2025-12-31,https://api.eia.gov/v2/electricity/retail-sales/data/?api_key=DEMO_KEY&frequency=annual&data[0]=price&facets[sectorid][]=RES&start=2023&sort[0][column]=period&sort[0][direction]=desc&length=500,"EIA retail sales, residential sector, WI, 2025: average price 18.16 cents/kWh",,high,etl.laws.refresh (automated),Average residential price for calendar year 2025.
electricity_price_cents_kwh,state,WV,15.41,15.41,in_effect,,2026-09-27,U.S. Energy Information Administration,"https://www.eia.gov/electricity/data/browser/#/topic/7?agg=0,1&geo=vvvvvvvvvvvvo&endsec=2&freq=A",2025-12-31,https://api.eia.gov/v2/electricity/retail-sales/data/?api_key=DEMO_KEY&frequency=annual&data[0]=price&facets[sectorid][]=RES&start=2023&sort[0][column]=period&sort[0][direction]=desc&length=500,"EIA retail sales, residential sector, WV, 2025: average price 15.41 cents/kWh",,high,etl.laws.refresh (automated),Average residential price for calendar year 2025.
electricity_price_cents_kwh,state,WY,13.38,13.38,in_effect,,2026-09-27,U.S. Energy Information Administration,"https://www.eia.gov/electricity/data/browser/#/topic/7?agg=0,1&geo=vvvvvvvvvvvvo&endsec=2&freq=A",2025-12-31,https://api.eia.gov/v2/electricity/retail-sales/data/?api_key=DEMO_KEY&frequency=annual&data[0]=price&facets[sectorid][]=RES&start=2023&sort[0][column]=period&sort[0][direction]=desc&length=500,"EIA retail sales, residential sector, WY, 2025: average price 13.38 cents/kWh",,high,etl.laws.refresh (automated),Average residential price for calendar year 2025.
grocery_tax_exempt,state,AK,exempt,,in_effect,,2026-09-27,Tax Foundation,https://taxfoundation.org/data/all/state/2026-state-tax-data/,2026-01-01,https://taxfoundation.org/wp-content/uploads/2026/05/2026_F_26F26F_ALL_Tables_Master_LAYOUT_post_release_updates_4.30.26_v3.xlsx,"Facts & Figures Table 31 (as of January 1, 2026): Alaska — state general sales tax --, grocery treatment --",,medium,etl.laws.refresh (automated),No state sales tax.
grocery_tax_exempt,state,AL,reduced,,in_effect,,2026-09-27,Tax Foundation,https://taxfoundation.org/data/all/state/2026-state-tax-data/,2026-01-01,https://taxfoundation.org/wp-content/uploads/2026/05/2026_F_26F26F_ALL_Tables_Master_LAYOUT_post_release_updates_4.30.26_v3.xlsx,"Facts & Figures Table 31 (as of January 1, 2026): Ala. — state general sales tax 4%, grocery treatment 2%",,medium,etl.laws.refresh (automated),"Groceries taxed at 2%, vs. 4% general rate."
grocery_tax_exempt,state,AR,exempt,,in_effect,,2026-09-27,Tax Foundation,https://taxfoundation.org/data/all/state/2026-state-tax-data/,2026-01-01,https://taxfoundation.org/wp-content/uploads/2026/05/2026_F_26F26F_ALL_Tables_Master_LAYOUT_post_release_updates_4.30.26_v3.xlsx,"Facts & Figures Table 31 (as of January 1, 2026): Ark. — state general sales tax 6.5%, grocery treatment Exempt",,medium,etl.laws.refresh (automated),
grocery_tax_exempt,state,AZ,exempt,,in_effect,,2026-09-27,Tax Foundation,https://taxfoundation.org/data/all/state/2026-state-tax-data/,2026-01-01,https://taxfoundation.org/wp-content/uploads/2026/05/2026_F_26F26F_ALL_Tables_Master_LAYOUT_post_release_updates_4.30.26_v3.xlsx,"Facts & Figures Table 31 (as of January 1, 2026): Ariz. — state general sales tax 5.6%, grocery treatment Exempt",,medium,etl.laws.refresh (automated),
grocery_tax_exempt,state,CA,exempt,,in_effect,,2026-09-27,Tax Foundation,https://taxfoundation.org/data/all/state/2026-state-tax-data/,2026-01-01,https://taxfoundation.org/wp-content/uploads/2026/05/2026_F_26F26F_ALL_Tables_Master_LAYOUT_post_release_updates_4.30.26_v3.xlsx,"Facts & Figures Table 31 (as of January 1, 2026): Calif. (a) — state general sales tax 7.25%, grocery treatment Exempt",,medium,etl.laws.refresh (automated),
grocery_tax_exempt,state,CO,exempt,,in_effect,,2026-09-27,Tax Foundation,https://taxfoundation.org/data/all/state/2026-state-tax-data/,2026-01-01,https://taxfoundation.org/wp-content/uploads/2026/05/2026_F_26F26F_ALL_Tables_Master_LAYOUT_post_release_updates_4.30.26_v3.xlsx,"Facts & Figures Table 31 (as of January 1, 2026): Colo. — state general sales tax 2.9%, grocery treatment Exempt",,medium,etl.laws.refresh (automated),
grocery_tax_exempt,state,CT,exempt,,in_effect,,2026-09-27,Tax Foundation,https://taxfoundation.org/data/all/state/2026-state-tax-data/,2026-01-01,https://taxfoundation.org/wp-content/uploads/2026/05/2026_F_26F26F_ALL_Tables_Master_LAYOUT_post_release_updates_4.30.26_v3.xlsx,"Facts & Figures Table 31 (as of January 1, 2026): Conn. — state general sales tax 6.35%, grocery treatment Exempt",,medium,etl.laws.refresh (automated),
grocery_tax_exempt,state,DC,exempt,,in_effect,,2026-09-27,Tax Foundation,https://taxfoundation.org/data/all/state/2026-state-tax-data/,2026-01-01,https://taxfoundation.org/wp-content/uploads/2026/05/2026_F_26F26F_ALL_Tables_Master_LAYOUT_post_release_updates_4.30.26_v3.xlsx,"Facts & Figures Table 31 (as of January 1, 2026): D.C. (b) — state general sales tax 6%, grocery treatment Exempt",,medium,etl.laws.refresh (automated),
grocery_tax_exempt,state,DE,exempt,,in_effect,,2026-09-27,Tax Foundation,https://taxfoundation.org/data/all/state/2026-state-tax-data/,2026-01-01,https://taxfoundation.org/wp-content/uploads/2026/05/2026_F_26F26F_ALL_Tables_Master_LAYOUT_post_release_updates_4.30.26_v3.xlsx,"Facts & Figures Table 31 (as of January 1, 2026): Del. — state general sales tax --, grocery treatment --",,medium,etl.laws.refresh (automated),No state sales tax.
grocery_tax_exempt,state,FL,exempt,,in_effect,,2026-09-27,Tax Foundation,https://taxfoundation.org/data/all/state/2026-state-tax-data/,2026-01-01,https://taxfoundation.org/wp-content/uploads/2026/05/2026_F_26F26F_ALL_Tables_Master_LAYOUT_post_release_updates_4.30.26_v3.xlsx,"Facts & Figures Table 31 (as of January 1, 2026): Fla. — state general sales tax 6%, grocery treatment Exempt",,medium,etl.laws.refresh (automated),
grocery_tax_exempt,state,GA,exempt,,in_effect,,2026-09-27,Tax Foundation,https://taxfoundation.org/data/all/state/2026-state-tax-data/,2026-01-01,https://taxfoundation.org/wp-content/uploads/2026/05/2026_F_26F26F_ALL_Tables_Master_LAYOUT_post_release_updates_4.30.26_v3.xlsx,"Facts & Figures Table 31 (as of January 1, 2026): Ga. — state general sales tax 4%, grocery treatment Exempt",,medium,etl.laws.refresh (automated),
grocery_tax_exempt,state,HI,taxed,,in_effect,,2026-09-27,Tax Foundation,https://taxfoundation.org/data/all/state/2026-state-tax-data/,2026-01-01,https://taxfoundation.org/wp-content/uploads/2026/05/2026_F_26F26F_ALL_Tables_Master_LAYOUT_post_release_updates_4.30.26_v3.xlsx,"Facts & Figures Table 31 (as of January 1, 2026): Hawaii — state general sales tax 4%, grocery treatment Included in Base",,medium,etl.laws.refresh (automated),Groceries are taxed at the full state rate.
grocery_tax_exempt,state,IA,exempt,,in_effect,,2026-09-27,Tax Foundation,https://taxfoundation.org/data/all/state/2026-state-tax-data/,2026-01-01,https://taxfoundation.org/wp-content/uploads/2026/05/2026_F_26F26F_ALL_Tables_Master_LAYOUT_post_release_updates_4.30.26_v3.xlsx,"Facts & Figures Table 31 (as of January 1, 2026): Iowa — state general sales tax 6%, grocery treatment Exempt",,medium,etl.laws.refresh (automated),
grocery_tax_exempt,state,ID,taxed,,in_effect,,2026-09-27,Tax Foundation,https://taxfoundation.org/data/all/state/2026-state-tax-data/,2026-01-01,https://taxfoundation.org/wp-content/uploads/2026/05/2026_F_26F26F_ALL_Tables_Master_LAYOUT_post_release_updates_4.30.26_v3.xlsx,"Facts & Figures Table 31 (as of January 1, 2026): Idaho — state general sales tax 6%, grocery treatment Included in Base",,medium,etl.laws.refresh (automated),Groceries are taxed at the full state rate.
grocery_tax_exempt,state,IL,exempt,,in_effect,,2026-09-27,Tax Foundation,https://taxfoundation.org/data/all/state/2026-state-tax-data/,2026-01-01,https://taxfoundation.org/wp-content/uploads/2026/05/2026_F_26F26F_ALL_Tables_Master_LAYOUT_post_release_updates_4.30.26_v3.xlsx,"Facts & Figures Table 31 (as of January 1, 2026): Ill. — state general sales tax 6.25%, grocery treatment Exempt",,medium,etl.laws.refresh (automated),
grocery_tax_exempt,state,IN,exempt,,in_effect,,2026-09-27,Tax Foundation,https://taxfoundation.org/data/all/state/2026-state-tax-data/,2026-01-01,https://taxfoundation.org/wp-content/uploads/2026/05/2026_F_26F26F_ALL_Tables_Master_LAYOUT_post_release_updates_4.30.26_v3.xlsx,"Facts & Figures Table 31 (as of January 1, 2026): Ind. — state general sales tax 7%, grocery treatment Exempt",,medium,etl.laws.refresh (automated),
grocery_tax_exempt,state,KS,exempt,,in_effect,,2026-09-27,Tax Foundation,https://taxfoundation.org/data/all/state/2026-state-tax-data/,2026-01-01,https://taxfoundation.org/wp-content/uploads/2026/05/2026_F_26F26F_ALL_Tables_Master_LAYOUT_post_release_updates_4.30.26_v3.xlsx,"Facts & Figures Table 31 (as of January 1, 2026): Kans. — state general sales tax 6.5%, grocery treatment Exempt",,medium,etl.laws.refresh (automated),
grocery_tax_exempt,state,KY,exempt,,in_effect,,2026-09-27,Tax Foundation,https://taxfoundation.org/data/all/state/2026-state-tax-data/,2026-01-01,https://taxfoundation.org/wp-content/uploads/2026/05/2026_F_26F26F_ALL_Tables_Master_LAYOUT_post_release_updates_4.30.26_v3.xlsx,"Facts & Figures Table 31 (as of January 1, 2026): Ky. — state general sales tax 6%, grocery treatment Exempt",,medium,etl.laws.refresh (automated),
grocery_tax_exempt,state,LA,exempt,,in_effect,,2026-09-27,Tax Foundation,https://taxfoundation.org/data/all/state/2026-state-tax-data/,2026-01-01,https://taxfoundation.org/wp-content/uploads/2026/05/2026_F_26F26F_ALL_Tables_Master_LAYOUT_post_release_updates_4.30.26_v3.xlsx,"Facts & Figures Table 31 (as of January 1, 2026): La. — state general sales tax 5%, grocery treatment Exempt",,medium,etl.laws.refresh (automated),
grocery_tax_exempt,state,MA,exempt,,in_effect,,2026-09-27,Tax Foundation,https://taxfoundation.org/data/all/state/2026-state-tax-data/,2026-01-01,https://taxfoundation.org/wp-content/uploads/2026/05/2026_F_26F26F_ALL_Tables_Master_LAYOUT_post_release_updates_4.30.26_v3.xlsx,"Facts & Figures Table 31 (as of January 1, 2026): Mass. — state general sales tax 6.25%, grocery treatment Exempt",,medium,etl.laws.refresh (automated),
grocery_tax_exempt,state,MD,exempt,,in_effect,,2026-09-27,Tax Foundation,https://taxfoundation.org/data/all/state/2026-state-tax-data/,2026-01-01,https://taxfoundation.org/wp-content/uploads/2026/05/2026_F_26F26F_ALL_Tables_Master_LAYOUT_post_release_updates_4.30.26_v3.xlsx,"Facts & Figures Table 31 (as of January 1, 2026): Md. — state general sales tax 6%, grocery treatment Exempt",,medium,etl.laws.refresh (automated),
grocery_tax_exempt,state,ME,exempt,,in_effect,,2026-09-27,Tax Foundation,https://taxfoundation.org/data/all/state/2026-state-tax-data/,2026-01-01,https://taxfoundation.org/wp-content/uploads/2026/05/2026_F_26F26F_ALL_Tables_Master_LAYOUT_post_release_updates_4.30.26_v3.xlsx,"Facts & Figures Table 31 (as of January 1, 2026): Maine — state general sales tax 5.5%, grocery treatment Exempt",,medium,etl.laws.refresh (automated),
grocery_tax_exempt,state,MI,exempt,,in_effect,,2026-09-27,Tax Foundation,https://taxfoundation.org/data/all/state/2026-state-tax-data/,2026-01-01,https://taxfoundation.org/wp-content/uploads/2026/05/2026_F_26F26F_ALL_Tables_Master_LAYOUT_post_release_updates_4.30.26_v3.xlsx,"Facts & Figures Table 31 (as of January 1, 2026): Mich. — state general sales tax 6%, grocery treatment Exempt",,medium,etl.laws.refresh (automated),
grocery_tax_exempt,state,MN,exempt,,in_effect,,2026-09-27,Tax Foundation,https://taxfoundation.org/data/all/state/2026-state-tax-data/,2026-01-01,https://taxfoundation.org/wp-content/uploads/2026/05/2026_F_26F26F_ALL_Tables_Master_LAYOUT_post_release_updates_4.30.26_v3.xlsx,"Facts & Figures Table 31 (as of January 1, 2026): Minn. — state general sales tax 6.875%, grocery treatment Exempt",,medium,etl.laws.refresh (automated),
grocery_tax_exempt,state,MO,reduced,,in_effect,,2026-09-27,Tax Foundation,https://taxfoundation.org/data/all/state/2026-state-tax-data/,2026-01-01,https://taxfoundation.org/wp-content/uploads/2026/05/2026_F_26F26F_ALL_Tables_Master_LAYOUT_post_release_updates_4.30.26_v3.xlsx,"Facts & Figures Table 31 (as of January 1, 2026): Mo. — state general sales tax 4.225%, grocery treatment 1.225%",,medium,etl.laws.refresh (automated),"Groceries taxed at 1.225%, vs. 4.225% general rate."
grocery_tax_exempt,state,MS,reduced,,in_effect,,2026-09-27,Tax Foundation,https://taxfoundation.org/data/all/state/2026-state-tax-data/,2026-01-01,https://taxfoundation.org/wp-content/uploads/2026/05/2026_F_26F26F_ALL_Tables_Master_LAYOUT_post_release_updates_4.30.26_v3.xlsx,"Facts & Figures Table 31 (as of January 1, 2026): Miss. — state general sales tax 7%, grocery treatment 5%",,medium,etl.laws.refresh (automated),"Groceries taxed at 5%, vs. 7% general rate."
grocery_tax_exempt,state,MT,exempt,,in_effect,,2026-09-27,Tax Foundation,https://taxfoundation.org/data/all/state/2026-state-tax-data/,2026-01-01,https://taxfoundation.org/wp-content/uploads/2026/05/2026_F_26F26F_ALL_Tables_Master_LAYOUT_post_release_updates_4.30.26_v3.xlsx,"Facts & Figures Table 31 (as of January 1, 2026): Mont. — state general sales tax --, grocery treatment --",,medium,etl.laws.refresh (automated),No state sales tax.
grocery_tax_exempt,state,NC,exempt,,in_effect,,2026-09-27,Tax Foundation,https://taxfoundation.org/data/all/state/2026-state-tax-data/,2026-01-01,https://taxfoundation.org/wp-content/uploads/2026/05/2026_F_26F26F_ALL_Tables_Master_LAYOUT_post_release_updates_4.30.26_v3.xlsx,"Facts & Figures Table 31 (as of January 1, 2026): N.C. — state general sales tax 4.75%, grocery treatment Exempt",,medium,etl.laws.refresh (automated),
grocery_tax_exempt,state,ND,exempt,,in_effect,,2026-09-27,Tax Foundation,https://taxfoundation.org/data/all/state/2026-state-tax-data/,2026-01-01,https://taxfoundation.org/wp-content/uploads/2026/05/2026_F_26F26F_ALL_Tables_Master_LAYOUT_post_release_updates_4.30.26_v3.xlsx,"Facts & Figures Table 31 (as of January 1, 2026): N.D. — state general sales tax 5%, grocery treatment Exempt",,medium,etl.laws.refresh (automated),
grocery_tax_exempt,state,NE,exempt,,in_effect,,2026-09-27,Tax Foundation,https://taxfoundation.org/data/all/state/2026-state-tax-data/,2026-01-01,https://taxfoundation.org/wp-content/uploads/2026/05/2026_F_26F26F_ALL_Tables_Master_LAYOUT_post_release_updates_4.30.26_v3.xlsx,"Facts & Figures Table 31 (as of January 1, 2026): Nebr. — state general sales tax 5.5%, grocery treatment Exempt",,medium,etl.laws.refresh (automated),
grocery_tax_exempt,state,NH,exempt,,in_effect,,2026-09-27,Tax Foundation,https://taxfoundation.org/data/all/state/2026-state-tax-data/,2026-01-01,https://taxfoundation.org/wp-content/uploads/2026/05/2026_F_26F26F_ALL_Tables_Master_LAYOUT_post_release_updates_4.30.26_v3.xlsx,"Facts & Figures Table 31 (as of January 1, 2026): N.H. — state general sales tax --, grocery treatment --",,medium,etl.laws.refresh (automated),No state sales tax.
grocery_tax_exempt,state,NJ,exempt,,in_effect,,2026-09-27,Tax Foundation,https://taxfoundation.org/data/all/state/2026-state-tax-data/,2026-01-01,https://taxfoundation.org/wp-content/uploads/2026/05/2026_F_26F26F_ALL_Tables_Master_LAYOUT_post_release_updates_4.30.26_v3.xlsx,"Facts & Figures Table 31 (as of January 1, 2026): N.J. — state general sales tax 6.625%, grocery treatment Exempt",,medium,etl.laws.refresh (automated),
grocery_tax_exempt,state,NM,exempt,,in_effect,,2026-09-27,Tax Foundation,https://taxfoundation.org/data/all/state/2026-state-tax-data/,2026-01-01,https://taxfoundation.org/wp-content/uploads/2026/05/2026_F_26F26F_ALL_Tables_Master_LAYOUT_post_release_updates_4.30.26_v3.xlsx,"Facts & Figures Table 31 (as of January 1, 2026): N.M. — state general sales tax 4.875%, grocery treatment Exempt",,medium,etl.laws.refresh (automated),
grocery_tax_exempt,state,NV,exempt,,in_effect,,2026-09-27,Tax Foundation,https://taxfoundation.org/data/all/state/2026-state-tax-data/,2026-01-01,https://taxfoundation.org/wp-content/uploads/2026/05/2026_F_26F26F_ALL_Tables_Master_LAYOUT_post_release_updates_4.30.26_v3.xlsx,"Facts & Figures Table 31 (as of January 1, 2026): Nev. — state general sales tax 6.85%, grocery treatment Exempt",,medium,etl.laws.refresh (automated),
grocery_tax_exempt,state,NY,exempt,,in_effect,,2026-09-27,Tax Foundation,https://taxfoundation.org/data/all/state/2026-state-tax-data/,2026-01-01,https://taxfoundation.org/wp-content/uploads/2026/05/2026_F_26F26F_ALL_Tables_Master_LAYOUT_post_release_updates_4.30.26_v3.xlsx,"Facts & Figures Table 31 (as of January 1, 2026): N.Y. — state general sales tax 4%, grocery treatment Exempt",,medium,etl.laws.refresh (automated),
grocery_tax_exempt,state,OH,exempt,,in_effect,,2026-09-27,Tax Foundation,https://taxfoundation.org/data/all/state/2026-state-tax-data/,2026-01-01,https://taxfoundation.org/wp-content/uploads/2026/05/2026_F_26F26F_ALL_Tables_Master_LAYOUT_post_release_updates_4.30.26_v3.xlsx,"Facts & Figures Table 31 (as of January 1, 2026): Ohio — state general sales tax 5.75%, grocery treatment Exempt",,medium,etl.laws.refresh (automated),
grocery_tax_exempt,state,OK,exempt,,in_effect,,2026-09-27,Tax Foundation,https://taxfoundation.org/data/all/state/2026-state-tax-data/,2026-01-01,https://taxfoundation.org/wp-content/uploads/2026/05/2026_F_26F26F_ALL_Tables_Master_LAYOUT_post_release_updates_4.30.26_v3.xlsx,"Facts & Figures Table 31 (as of January 1, 2026): Okla. — state general sales tax 4.5%, grocery treatment Exempt",,medium,etl.laws.refresh (automated),
grocery_tax_exempt,state,OR,exempt,,in_effect,,2026-09-27,Tax Foundation,https://taxfoundation.org/data/all/state/2026-state-tax-data/,2026-01-01,https://taxfoundation.org/wp-content/uploads/2026/05/2026_F_26F26F_ALL_Tables_Master_LAYOUT_post_release_updates_4.30.26_v3.xlsx,"Facts & Figures Table 31 (as of January 1, 2026): Ore. — state general sales tax --, grocery treatment --",,medium,etl.laws.refresh (automated),No state sales tax.
grocery_tax_exempt,state,PA,exempt,,in_effect,,2026-09-27,Tax Foundation,https://taxfoundation.org/data/all/state/2026-state-tax-data/,2026-01-01,https://taxfoundation.org/wp-content/uploads/2026/05/2026_F_26F26F_ALL_Tables_Master_LAYOUT_post_release_updates_4.30.26_v3.xlsx,"Facts & Figures Table 31 (as of January 1, 2026): Pa. — state general sales tax 6%, grocery treatment Exempt",,medium,etl.laws.refresh (automated),
grocery_tax_exempt,state,RI,exempt,,in_effect,,2026-09-27,Tax Foundation,https://taxfoundation.org/data/all/state/2026-state-tax-data/,2026-01-01,https://taxfoundation.org/wp-content/uploads/2026/05/2026_F_26F26F_ALL_Tables_Master_LAYOUT_post_release_updates_4.30.26_v3.xlsx,"Facts & Figures Table 31 (as of January 1, 2026): R.I. — state general sales tax 7%, grocery treatment Exempt",,medium,etl.laws.refresh (automated),
grocery_tax_exempt,state,SC,exempt,,in_effect,,2026-09-27,Tax Foundation,https://taxfoundation.org/data/all/state/2026-state-tax-data/,2026-01-01,https://taxfoundation.org/wp-content/uploads/2026/05/2026_F_26F26F_ALL_Tables_Master_LAYOUT_post_release_updates_4.30.26_v3.xlsx,"Facts & Figures Table 31 (as of January 1, 2026): S.C. — state general sales tax 6%, grocery treatment Exempt",,medium,etl.laws.refresh (automated),
grocery_tax_exempt,state,SD,taxed,,in_effect,,2026-09-27,Tax Foundation,https://taxfoundation.org/data/all/state/2026-state-tax-data/,2026-01-01,https://taxfoundation.org/wp-content/uploads/2026/05/2026_F_26F26F_ALL_Tables_Master_LAYOUT_post_release_updates_4.30.26_v3.xlsx,"Facts & Figures Table 31 (as of January 1, 2026): S.D. — state general sales tax 4.2%, grocery treatment Included in Base",,medium,etl.laws.refresh (automated),Groceries are taxed at the full state rate.
grocery_tax_exempt,state,TN,reduced,,in_effect,,2026-09-27,Tax Foundation,https://taxfoundation.org/data/all/state/2026-state-tax-data/,2026-01-01,https://taxfoundation.org/wp-content/uploads/2026/05/2026_F_26F26F_ALL_Tables_Master_LAYOUT_post_release_updates_4.30.26_v3.xlsx,"Facts & Figures Table 31 (as of January 1, 2026): Tenn. — state general sales tax 7%, grocery treatment 4%",,medium,etl.laws.refresh (automated),"Groceries taxed at 4%, vs. 7% general rate."
grocery_tax_exempt,state,TX,exempt,,in_effect,,2026-09-27,Tax Foundation,https://taxfoundation.org/data/all/state/2026-state-tax-data/,2026-01-01,https://taxfoundation.org/wp-content/uploads/2026/05/2026_F_26F26F_ALL_Tables_Master_LAYOUT_post_release_updates_4.30.26_v3.xlsx,"Facts & Figures Table 31 (as of January 1, 2026): Tex. — state general sales tax 6.25%, grocery treatment Exempt",,medium,etl.laws.refresh (automated),
grocery_tax_exempt,state,UT,reduced,,in_effect,,2026-09-27,Tax Foundation,https://taxfoundation.org/data/all/state/2026-state-tax-data/,2026-01-01,https://taxfoundation.org/wp-content/uploads/2026/05/2026_F_26F26F_ALL_Tables_Master_LAYOUT_post_release_updates_4.30.26_v3.xlsx,"Facts & Figures Table 31 (as of January 1, 2026): Utah (a) — state general sales tax 6.1%, grocery treatment 3%",,medium,etl.laws.refresh (automated),"Groceries taxed at 3%, vs. 6.1% general rate."
grocery_tax_exempt,state,VA,exempt,,in_effect,,2026-09-27,Tax Foundation,https://taxfoundation.org/data/all/state/2026-state-tax-data/,2026-01-01,https://taxfoundation.org/wp-content/uploads/2026/05/2026_F_26F26F_ALL_Tables_Master_LAYOUT_post_release_updates_4.30.26_v3.xlsx,"Facts & Figures Table 31 (as of January 1, 2026): Va. (a) — state general sales tax 5.3%, grocery treatment Exempt",,medium,etl.laws.refresh (automated),
grocery_tax_exempt,state,VT,exempt,,in_effect,,2026-09-27,Tax Foundation,https://taxfoundation.org/data/all/state/2026-state-tax-data/,2026-01-01,https://taxfoundation.org/wp-content/uploads/2026/05/2026_F_26F26F_ALL_Tables_Master_LAYOUT_post_release_updates_4.30.26_v3.xlsx,"Facts & Figures Table 31 (as of January 1, 2026): Vt. — state general sales tax 6%, grocery treatment Exempt",,medium,etl.laws.refresh (automated),
grocery_tax_exempt,state,WA,exempt,,in_effect,,2026-09-27,Tax Foundation,https://taxfoundation.org/data/all/state/2026-state-tax-data/,2026-01-01,https://taxfoundation.org/wp-content/uploads/2026/05/2026_F_26F26F_ALL_Tables_Master_LAYOUT_post_release_updates_4.30.26_v3.xlsx,"Facts & Figures Table 31 (as of January 1, 2026): Wash. — state general sales tax 6.5%, grocery treatment Exempt",,medium,etl.laws.refresh (automated),
grocery_tax_exempt,state,WI,exempt,,in_effect,,2026-09-27,Tax Foundation,https://taxfoundation.org/data/all/state/2026-state-tax-data/,2026-01-01,https://taxfoundation.org/wp-content/uploads/2026/05/2026_F_26F26F_ALL_Tables_Master_LAYOUT_post_release_updates_4.30.26_v3.xlsx,"Facts & Figures Table 31 (as of January 1, 2026): Wis. — state general sales tax 5%, grocery treatment Exempt",,medium,etl.laws.refresh (automated),
grocery_tax_exempt,state,WV,exempt,,in_effect,,2026-09-27,Tax Foundation,https://taxfoundation.org/data/all/state/2026-state-tax-data/,2026-01-01,https://taxfoundation.org/wp-content/uploads/2026/05/2026_F_26F26F_ALL_Tables_Master_LAYOUT_post_release_updates_4.30.26_v3.xlsx,"Facts & Figures Table 31 (as of January 1, 2026): W.Va. — state general sales tax 6%, grocery treatment Exempt",,medium,etl.laws.refresh (automated),
grocery_tax_exempt,state,WY,exempt,,in_effect,,2026-09-27,Tax Foundation,https://taxfoundation.org/data/all/state/2026-state-tax-data/,2026-01-01,https://taxfoundation.org/wp-content/uploads/2026/05/2026_F_26F26F_ALL_Tables_Master_LAYOUT_post_release_updates_4.30.26_v3.xlsx,"Facts & Figures Table 31 (as of January 1, 2026): Wyo. — state general sales tax 4%, grocery treatment Exempt",,medium,etl.laws.refresh (automated),
homeschool_regulation,state,AK,,,unknown,,,,VERIFY: state department of education homeschool requirements page,,,,,unverified,,
homeschool_regulation,state,AL,,,unknown,,,,VERIFY: state department of education homeschool requirements page,,,,,unverified,,
homeschool_regulation,state,AR,,,unknown,,,,VERIFY: state department of education homeschool requirements page,,,,,unverified,,
homeschool_regulation,state,AZ,,,unknown,,,,VERIFY: state department of education homeschool requirements page,,,,,unverified,,
homeschool_regulation,state,CA,,,unknown,,,,VERIFY: state department of education homeschool requirements page,,,,,unverified,,
homeschool_regulation,state,CO,,,unknown,,,,VERIFY: state department of education homeschool requirements page,,,,,unverified,,
homeschool_regulation,state,CT,,,unknown,,,,VERIFY: state department of education homeschool requirements page,,,,,unverified,,
homeschool_regulation,state,DC,,,unknown,,,,VERIFY: state department of education homeschool requirements page,,,,,unverified,,
homeschool_regulation,state,DE,,,unknown,,,,VERIFY: state department of education homeschool requirements page,,,,,unverified,,
homeschool_regulation,state,FL,,,unknown,,,,VERIFY: state department of education homeschool requirements page,,,,,unverified,,
homeschool_regulation,state,GA,,,unknown,,,,VERIFY: state department of education homeschool requirements page,,,,,unverified,,
homeschool_regulation,state,HI,,,unknown,,,,VERIFY: state department of education homeschool requirements page,,,,,unverified,,
homeschool_regulation,state,IA,,,unknown,,,,VERIFY: state department of education homeschool requirements page,,,,,unverified,,
homeschool_regulation,state,ID,,,unknown,,,,VERIFY: state department of education homeschool requirements page,,,,,unverified,,
homeschool_regulation,state,IL,,,unknown,,,,VERIFY: state department of education homeschool requirements page,,,,,unverified,,
homeschool_regulation,state,IN,,,unknown,,,,VERIFY: state department of education homeschool requirements page,,,,,unverified,,
homeschool_regulation,state,KS,,,unknown,,,,VERIFY: state department of education homeschool requirements page,,,,,unverified,,
homeschool_regulation,state,KY,,,unknown,,,,VERIFY: state department of education homeschool requirements page,,,,,unverified,,
homeschool_regulation,state,LA,,,unknown,,,,VERIFY: state department of education homeschool requirements page,,,,,unverified,,
homeschool_regulation,state,MA,,,unknown,,,,VERIFY: state department of education homeschool requirements page,,,,,unverified,,
homeschool_regulation,state,MD,,,unknown,,,,VERIFY: state department of education homeschool requirements page,,,,,unverified,,
homeschool_regulation,state,ME,,,unknown,,,,VERIFY: state department of education homeschool requirements page,,,,,unverified,,
homeschool_regulation,state,MI,,,unknown,,,,VERIFY: state department of education homeschool requirements page,,,,,unverified,,
homeschool_regulation,state,MN,,,unknown,,,,VERIFY: state department of education homeschool requirements page,,,,,unverified,,
homeschool_regulation,state,MO,,,unknown,,,,VERIFY: state department of education homeschool requirements page,,,,,unverified,,
homeschool_regulation,state,MS,,,unknown,,,,VERIFY: state department of education homeschool requirements page,,,,,unverified,,
homeschool_regulation,state,MT,,,unknown,,,,VERIFY: state department of education homeschool requirements page,,,,,unverified,,
homeschool_regulation,state,NC,,,unknown,,,,VERIFY: state department of education homeschool requirements page,,,,,unverified,,
homeschool_regulation,state,ND,,,unknown,,,,VERIFY: state department of education homeschool requirements page,,,,,unverified,,
homeschool_regulation,state,NE,,,unknown,,,,VERIFY: state department of education homeschool requirements page,,,,,unverified,,
homeschool_regulation,state,NH,,,unknown,,,,VERIFY: state department of education homeschool requirements page,,,,,unverified,,
homeschool_regulation,state,NJ,,,unknown,,,,VERIFY: state department of education homeschool requirements page,,,,,unverified,,
homeschool_regulation,state,NM,,,unknown,,,,VERIFY: state department of education homeschool requirements page,,,,,unverified,,
homeschool_regulation,state,NV,,,unknown,,,,VERIFY: state department of education homeschool requirements page,,,,,unverified,,
homeschool_regulation,state,NY,,,unknown,,,,VERIFY: state department of education homeschool requirements page,,,,,unverified,,
homeschool_regulation,state,OH,,,unknown,,,,VERIFY: state department of education homeschool requirements page,,,,,unverified,,
homeschool_regulation,state,OK,,,unknown,,,,VERIFY: state department of education homeschool requirements page,,,,,unverified,,
homeschool_regulation,state,OR,,,unknown,,,,VERIFY: state department of education homeschool requirements page,,,,,unverified,,
homeschool_regulation,state,PA,,,unknown,,,,VERIFY: state department of education homeschool requirements page,,,,,unverified,,
homeschool_regulation,state,RI,,,unknown,,,,VERIFY: state department of education homeschool requirements page,,,,,unverified,,
homeschool_regulation,state,SC,,,unknown,,,,VERIFY: state department of education homeschool requirements page,,,,,unverified,,
homeschool_regulation,state,SD,,,unknown,,,,VERIFY: state department of education homeschool requirements page,,,,,unverified,,
homeschool_regulation,state,TN,,,unknown,,,,VERIFY: state department of education homeschool requirements page,,,,,unverified,,
homeschool_regulation,state,TX,,,unknown,,,,VERIFY: state department of education homeschool requirements page,,,,,unverified,,
homeschool_regulation,state,UT,,,unknown,,,,VERIFY: state department of education homeschool requirements page,,,,,unverified,,
homeschool_regulation,state,VA,,,unknown,,,,VERIFY: state department of education homeschool requirements page,,,,,unverified,,
homeschool_regulation,state,VT,,,unknown,,,,VERIFY: state department of education homeschool requirements page,,,,,unverified,,
homeschool_regulation,state,WA,,,unknown,,,,VERIFY: state department of education homeschool requirements page,,,,,unverified,,
homeschool_regulation,state,WI,,,unknown,,,,VERIFY: state department of education homeschool requirements page,,,,,unverified,,
homeschool_regulation,state,WV,,,unknown,,,,VERIFY: state department of education homeschool requirements page,,,,,unverified,,
homeschool_regulation,state,WY,,,unknown,,,,VERIFY: state department of education homeschool requirements page,,,,,unverified,,
income_tax_structure,state,AK,none,,in_effect,,2026-09-27,Tax Foundation,https://taxfoundation.org/data/all/state/2026-state-tax-data/,2026-04-28,https://taxfoundation.org/wp-content/uploads/2026/05/2026_F_26F26F_ALL_Tables_Master_LAYOUT_post_release_updates_4.30.26_v3.xlsx,"Facts & Figures 2026, Table 11: Alaska — single filer rates: none",,medium,etl.laws.refresh (automated),
income_tax_structure,state,AL,graduated,,in_effect,,2026-09-27,Tax Foundation,https://taxfoundation.org/data/all/state/2026-state-tax-data/,2026-04-28,https://taxfoundation.org/wp-content/uploads/2026/05/2026_F_26F26F_ALL_Tables_Master_LAYOUT_post_release_updates_4.30.26_v3.xlsx,"Facts & Figures 2026, Table 11: Ala. (a, b) — single filer rates: 2%, 4%, 5%",,medium,etl.laws.refresh (automated),
income_tax_structure,state,AR,graduated,,in_effect,,2026-09-27,Tax Foundation,https://taxfoundation.org/data/all/state/2026-state-tax-data/,2026-04-28,https://taxfoundation.org/wp-content/uploads/2026/05/2026_F_26F26F_ALL_Tables_Master_LAYOUT_post_release_updates_4.30.26_v3.xlsx,"Facts & Figures 2026, Table 11: Ark. (c, d, e) — single filer rates: 2%, 3.9%",,medium,etl.laws.refresh (automated),
income_tax_structure,state,AZ,flat,,in_effect,,2026-09-27,Tax Foundation,https://taxfoundation.org/data/all/state/2026-state-tax-data/,2026-04-28,https://taxfoundation.org/wp-content/uploads/2026/05/2026_F_26F26F_ALL_Tables_Master_LAYOUT_post_release_updates_4.30.26_v3.xlsx,"Facts & Figures 2026, Table 11: Ariz. — single filer rates: 2.5%",,medium,etl.laws.refresh (automated),
income_tax_structure,state,CA,graduated,,in_effect,,2026-09-27,Tax Foundation,https://taxfoundation.org/data/all/state/2026-state-tax-data/,2026-04-28,https://taxfoundation.org/wp-content/uploads/2026/05/2026_F_26F26F_ALL_Tables_Master_LAYOUT_post_release_updates_4.30.26_v3.xlsx,"Facts & Figures 2026, Table 11: Calif. (b, c, e, f, g, h) — single filer rates: 1%, 2%, 4%, 6%, 8%, 9.3%, 10.3%, 11.3%, 12.3%, 13.3%",,medium,etl.laws.refresh (automated),
income_tax_structure,state,CO,flat,,in_effect,,2026-09-27,Tax Foundation,https://taxfoundation.org/data/all/state/2026-state-tax-data/,2026-04-28,https://taxfoundation.org/wp-content/uploads/2026/05/2026_F_26F26F_ALL_Tables_Master_LAYOUT_post_release_updates_4.30.26_v3.xlsx,"Facts & Figures 2026, Table 11: Colo. (b) — single filer rates: 4.4%",,medium,etl.laws.refresh (automated),
income_tax_structure,state,CT,graduated,,in_effect,,2026-09-27,Tax Foundation,https://taxfoundation.org/data/all/state/2026-state-tax-data/,2026-04-28,https://taxfoundation.org/wp-content/uploads/2026/05/2026_F_26F26F_ALL_Tables_Master_LAYOUT_post_release_updates_4.30.26_v3.xlsx,"Facts & Figures 2026, Table 11: Conn. (i) — single filer rates: 2%, 4.5%, 5.5%, 6%, 6.5%, 6.9%, 6.99%",,medium,etl.laws.refresh (automated),
income_tax_structure,state,DC,graduated,,in_effect,,2026-09-27,Tax Foundation,https://taxfoundation.org/data/all/state/2026-state-tax-data/,2026-04-28,https://taxfoundation.org/wp-content/uploads/2026/05/2026_F_26F26F_ALL_Tables_Master_LAYOUT_post_release_updates_4.30.26_v3.xlsx,"Facts & Figures 2026, Table 11: D.C. — single filer rates: 4%, 6%, 6.5%, 8.5%, 9.25%, 9.75%, 10.75%",,medium,etl.laws.refresh (automated),
income_tax_structure,state,DE,graduated,,in_effect,,2026-09-27,Tax Foundation,https://taxfoundation.org/data/all/state/2026-state-tax-data/,2026-04-28,https://taxfoundation.org/wp-content/uploads/2026/05/2026_F_26F26F_ALL_Tables_Master_LAYOUT_post_release_updates_4.30.26_v3.xlsx,"Facts & Figures 2026, Table 11: Del. (b) — single filer rates: 2.2%, 3.9%, 4.8%, 5.2%, 5.55%, 6.6%",,medium,etl.laws.refresh (automated),
income_tax_structure,state,FL,none,,in_effect,,2026-09-27,Tax Foundation,https://taxfoundation.org/data/all/state/2026-state-tax-data/,2026-04-28,https://taxfoundation.org/wp-content/uploads/2026/05/2026_F_26F26F_ALL_Tables_Master_LAYOUT_post_release_updates_4.30.26_v3.xlsx,"Facts & Figures 2026, Table 11: Fla. — single filer rates: none",,medium,etl.laws.refresh (automated),
income_tax_structure,state,GA,flat,,in_effect,,2026-09-27,Tax Foundation,https://taxfoundation.org/data/all/state/2026-state-tax-data/,2026-04-28,https://taxfoundation.org/wp-content/uploads/2026/05/2026_F_26F26F_ALL_Tables_Master_LAYOUT_post_release_updates_4.30.26_v3.xlsx,"Facts & Figures 2026, Table 11: Ga. — single filer rates: 5.19%",,medium,etl.laws.refresh (automated),
income_tax_structure,state,HI,graduated,,in_effect,,2026-09-27,Tax Foundation,https://taxfoundation.org/data/all/state/2026-state-tax-data/,2026-04-28,https://taxfoundation.org/wp-content/uploads/2026/05/2026_F_26F26F_ALL_Tables_Master_LAYOUT_post_release_updates_4.30.26_v3.xlsx,"Facts & Figures 2026, Table 11: Hawaii — single filer rates: 1.4%, 3.2%, 5.5%, 6.4%, 6.8%, 7.2%, 7.6%, 7.9%, 8.25%, 9%, 10%, 11%",,medium,etl.laws.refresh (automated),
income_tax_structure,state,IA,flat,,in_effect,,2026-09-27,Tax Foundation,https://taxfoundation.org/data/all/state/2026-state-tax-data/,2026-04-28,https://taxfoundation.org/wp-content/uploads/2026/05/2026_F_26F26F_ALL_Tables_Master_LAYOUT_post_release_updates_4.30.26_v3.xlsx,"Facts & Figures 2026, Table 11: Iowa (b) — single filer rates: 3.8%",,medium,etl.laws.refresh (automated),
income_tax_structure,state,ID,flat,,in_effect,,2026-09-27,Tax Foundation,https://taxfoundation.org/data/all/state/2026-state-tax-data/,2026-04-28,https://taxfoundation.org/wp-content/uploads/2026/05/2026_F_26F26F_ALL_Tables_Master_LAYOUT_post_release_updates_4.30.26_v3.xlsx,"Facts & Figures 2026, Table 11: Idaho (c, e) — single filer rates: 5.3%",,medium,etl.laws.refresh (automated),
income_tax_structure,state,IL,flat,,in_effect,,2026-09-27,Tax Foundation,https://taxfoundation.org/data/all/state/2026-state-tax-data/,2026-04-28,https://taxfoundation.org/wp-content/uploads/2026/05/2026_F_26F26F_ALL_Tables_Master_LAYOUT_post_release_updates_4.30.26_v3.xlsx,"Facts & Figures 2026, Table 11: Ill. — single filer rates: 4.95%",,medium,etl.laws.refresh (automated),
income_tax_structure,state,IN,flat,,in_effect,,2026-09-27,Tax Foundation,https://taxfoundation.org/data/all/state/2026-state-tax-data/,2026-04-28,https://taxfoundation.org/wp-content/uploads/2026/05/2026_F_26F26F_ALL_Tables_Master_LAYOUT_post_release_updates_4.30.26_v3.xlsx,"Facts & Figures 2026, Table 11: Ind. (b) — single filer rates: 2.95%",,medium,etl.laws.refresh (automated),
income_tax_structure,state,KS,graduated,,in_effect,,2026-09-27,Tax Foundation,https://taxfoundation.org/data/all/state/2026-state-tax-data/,2026-04-28,https://taxfoundation.org/wp-content/uploads/2026/05/2026_F_26F26F_ALL_Tables_Master_LAYOUT_post_release_updates_4.30.26_v3.xlsx,"Facts & Figures 2026, Table 11: Kans. (b) — single filer rates: 5.2%, 5.58%",,medium,etl.laws.refresh (automated),
income_tax_structure,state,KY,flat,,in_effect,,2026-09-27,Tax Foundation,https://taxfoundation.org/data/all/state/2026-state-tax-data/,2026-04-28,https://taxfoundation.org/wp-content/uploads/2026/05/2026_F_26F26F_ALL_Tables_Master_LAYOUT_post_release_updates_4.30.26_v3.xlsx,"Facts & Figures 2026, Table 11: Ky. (b) — single filer rates: 3.5%",,medium,etl.laws.refresh (automated),
income_tax_structure,state,LA,flat,,in_effect,,2026-09-27,Tax Foundation,https://taxfoundation.org/data/all/state/2026-state-tax-data/,2026-04-28,https://taxfoundation.org/wp-content/uploads/2026/05/2026_F_26F26F_ALL_Tables_Master_LAYOUT_post_release_updates_4.30.26_v3.xlsx,"Facts & Figures 2026, Table 11: La. — single filer rates: 3%",,medium,etl.laws.refresh (automated),
income_tax_structure,state,MA,graduated,,in_effect,,2026-09-27,Tax Foundation,https://taxfoundation.org/data/all/state/2026-state-tax-data/,2026-04-28,https://taxfoundation.org/wp-content/uploads/2026/05/2026_F_26F26F_ALL_Tables_Master_LAYOUT_post_release_updates_4.30.26_v3.xlsx,"Facts & Figures 2026, Table 11: Mass. (c, e, h) — single filer rates: 5%, 9%",,medium,etl.laws.refresh (automated),
income_tax_structure,state,MD,graduated,,in_effect,,2026-09-27,Tax Foundation,https://taxfoundation.org/data/all/state/2026-state-tax-data/,2026-04-28,https://taxfoundation.org/wp-content/uploads/2026/05/2026_F_26F26F_ALL_Tables_Master_LAYOUT_post_release_updates_4.30.26_v3.xlsx,"Facts & Figures 2026, Table 11: Md. (b, h) — single filer rates: 2%, 3%, 4%, 4.75%, 5%, 5.25%, 5.5%, 5.75%, 6.25%, 6.5%",,medium,etl.laws.refresh (automated),
income_tax_structure,state,ME,graduated,,in_effect,,2026-09-27,Tax Foundation,https://taxfoundation.org/data/all/state/2026-state-tax-data/,2026-04-28,https://taxfoundation.org/wp-content/uploads/2026/05/2026_F_26F26F_ALL_Tables_Master_LAYOUT_post_release_updates_4.30.26_v3.xlsx,"Facts & Figures 2026, Table 11: Maine (c, j) — single filer rates: 5.8%, 6.75%, 7.15%, 9.15%",,medium,etl.laws.refresh (automated),
income_tax_structure,state,MI,flat,,in_effect,,2026-09-27,Tax Foundation,https://taxfoundation.org/data/all/state/2026-state-tax-data/,2026-04-28,https://taxfoundation.org/wp-content/uploads/2026/05/2026_F_26F26F_ALL_Tables_Master_LAYOUT_post_release_updates_4.30.26_v3.xlsx,"Facts & Figures 2026, Table 11: Mich. (b) — single filer rates: 4.25%",,medium,etl.laws.refresh (automated),
income_tax_structure,state,MN,graduated,,in_effect,,2026-09-27,Tax Foundation,https://taxfoundation.org/data/all/state/2026-state-tax-data/,2026-04-28,https://taxfoundation.org/wp-content/uploads/2026/05/2026_F_26F26F_ALL_Tables_Master_LAYOUT_post_release_updates_4.30.26_v3.xlsx,"Facts & Figures 2026, Table 11: Minn. (c, h) — single filer rates: 5.35%, 6.8%, 7.85%, 9.85%",,medium,etl.laws.refresh (automated),
income_tax_structure,state,MO,graduated,,in_effect,,2026-09-27,Tax Foundation,https://taxfoundation.org/data/all/state/2026-state-tax-data/,2026-04-28,https://taxfoundation.org/wp-content/uploads/2026/05/2026_F_26F26F_ALL_Tables_Master_LAYOUT_post_release_updates_4.30.26_v3.xlsx,"Facts & Figures 2026, Table 11: Mo. (a, b, c) — single filer rates: 2%, 2.5%, 3%, 3.5%, 4%, 4.5%, 4.7%",,medium,etl.laws.refresh (automated),
income_tax_structure,state,MS,flat,,in_effect,,2026-09-27,Tax Foundation,https://taxfoundation.org/data/all/state/2026-state-tax-data/,2026-04-28,https://taxfoundation.org/wp-content/uploads/2026/05/2026_F_26F26F_ALL_Tables_Master_LAYOUT_post_release_updates_4.30.26_v3.xlsx,"Facts & Figures 2026, Table 11: Miss. — single filer rates: 4%",,medium,etl.laws.refresh (automated),
income_tax_structure,state,MT,graduated,,in_effect,,2026-09-27,Tax Foundation,https://taxfoundation.org/data/all/state/2026-state-tax-data/,2026-04-28,https://taxfoundation.org/wp-content/uploads/2026/05/2026_F_26F26F_ALL_Tables_Master_LAYOUT_post_release_updates_4.30.26_v3.xlsx,"Facts & Figures 2026, Table 11: Mont. (c) — single filer rates: 4.7%, 5.65%",,medium,etl.laws.refresh (automated),
income_tax_structure,state,NC,flat,,in_effect,,2026-09-27,Tax Foundation,https://taxfoundation.org/data/all/state/2026-state-tax-data/,2026-04-28,https://taxfoundation.org/wp-content/uploads/2026/05/2026_F_26F26F_ALL_Tables_Master_LAYOUT_post_release_updates_4.30.26_v3.xlsx,"Facts & Figures 2026, Table 11: N.C. — single filer rates: 3.99%",,medium,etl.laws.refresh (automated),
income_tax_structure,state,ND,graduated,,in_effect,,2026-09-27,Tax Foundation,https://taxfoundation.org/data/all/state/2026-state-tax-data/,2026-04-28,https://taxfoundation.org/wp-content/uploads/2026/05/2026_F_26F26F_ALL_Tables_Master_LAYOUT_post_release_updates_4.30.26_v3.xlsx,"Facts & Figures 2026, Table 11: N.D. (c, e) — single filer rates: 1.95%, 2.5%",,medium,etl.laws.refresh (automated),
income_tax_structure,state,NE,graduated,,in_effect,,2026-09-27,Tax Foundation,https://taxfoundation.org/data/all/state/2026-state-tax-data/,2026-04-28,https://taxfoundation.org/wp-content/uploads/2026/05/2026_F_26F26F_ALL_Tables_Master_LAYOUT_post_release_updates_4.30.26_v3.xlsx,"Facts & Figures 2026, Table 11: Nebr. (c) — single filer rates: 2.46%, 3.51%, 4.55%",,medium,etl.laws.refresh (automated),
income_tax_structure,state,NH,none,,in_effect,,2026-09-27,Tax Foundation,https://taxfoundation.org/data/all/state/2026-state-tax-data/,2026-04-28,https://taxfoundation.org/wp-content/uploads/2026/05/2026_F_26F26F_ALL_Tables_Master_LAYOUT_post_release_updates_4.30.26_v3.xlsx,"Facts & Figures 2026, Table 11: N.H. — single filer rates: none",,medium,etl.laws.refresh (automated),
income_tax_structure,state,NJ,graduated,,in_effect,,2026-09-27,Tax Foundation,https://taxfoundation.org/data/all/state/2026-state-tax-data/,2026-04-28,https://taxfoundation.org/wp-content/uploads/2026/05/2026_F_26F26F_ALL_Tables_Master_LAYOUT_post_release_updates_4.30.26_v3.xlsx,"Facts & Figures 2026, Table 11: N.J. (b) — single filer rates: 1.4%, 1.75%, 3.5%, 5.525%, 6.37%, 8.97%, 10.75%",,medium,etl.laws.refresh (automated),
income_tax_structure,state,NM,graduated,,in_effect,,2026-09-27,Tax Foundation,https://taxfoundation.org/data/all/state/2026-state-tax-data/,2026-04-28,https://taxfoundation.org/wp-content/uploads/2026/05/2026_F_26F26F_ALL_Tables_Master_LAYOUT_post_release_updates_4.30.26_v3.xlsx,"Facts & Figures 2026, Table 11: N.M. — single filer rates: 1.5%, 3.2%, 4.3%, 4.7%, 4.9%, 5.9%",,medium,etl.laws.refresh (automated),
income_tax_structure,state,NV,none,,in_effect,,2026-09-27,Tax Foundation,https://taxfoundation.org/data/all/state/2026-state-tax-data/,2026-04-28,https://taxfoundation.org/wp-content/uploads/2026/05/2026_F_26F26F_ALL_Tables_Master_LAYOUT_post_release_updates_4.30.26_v3.xlsx,"Facts & Figures 2026, Table 11: Nev. — single filer rates: none",,medium,etl.laws.refresh (automated),
income_tax_structure,state,NY,graduated,,in_effect,,2026-09-27,Tax Foundation,https://taxfoundation.org/data/all/state/2026-state-tax-data/,2026-04-28,https://taxfoundation.org/wp-content/uploads/2026/05/2026_F_26F26F_ALL_Tables_Master_LAYOUT_post_release_updates_4.30.26_v3.xlsx,"Facts & Figures 2026, Table 11: N.Y. (b, i) — single filer rates: 3.9%, 4.4%, 5.15%, 5.4%, 5.9%, 6.85%, 9.65%, 10.3%, 10.9%",,medium,etl.laws.refresh (automated),
income_tax_structure,state,OH,flat,,in_effect,,2026-09-27,Tax Foundation,https://taxfoundation.org/data/all/state/2026-state-tax-data/,2026-04-28,https://taxfoundation.org/wp-content/uploads/2026/05/2026_F_26F26F_ALL_Tables_Master_LAYOUT_post_release_updates_4.30.26_v3.xlsx,"Facts & Figures 2026, Table 11: Ohio (b, c) — single filer rates: 2.75%",,medium,etl.laws.refresh (automated),
income_tax_structure,state,OK,graduated,,in_effect,,2026-09-27,Tax Foundation,https://taxfoundation.org/data/all/state/2026-state-tax-data/,2026-04-28,https://taxfoundation.org/wp-content/uploads/2026/05/2026_F_26F26F_ALL_Tables_Master_LAYOUT_post_release_updates_4.30.26_v3.xlsx,"Facts & Figures 2026, Table 11: Okla. — single filer rates: 0%, 2.5%, 3.5%, 4.5%",,medium,etl.laws.refresh (automated),
income_tax_structure,state,OR,graduated,,in_effect,,2026-09-27,Tax Foundation,https://taxfoundation.org/data/all/state/2026-state-tax-data/,2026-04-28,https://taxfoundation.org/wp-content/uploads/2026/05/2026_F_26F26F_ALL_Tables_Master_LAYOUT_post_release_updates_4.30.26_v3.xlsx,"Facts & Figures 2026, Table 11: Ore. (a, b, c, g) — single filer rates: 4.75%, 6.75%, 8.75%, 9.9%",,medium,etl.laws.refresh (automated),
income_tax_structure,state,PA,flat,,in_effect,,2026-09-27,Tax Foundation,https://taxfoundation.org/data/all/state/2026-state-tax-data/,2026-04-28,https://taxfoundation.org/wp-content/uploads/2026/05/2026_F_26F26F_ALL_Tables_Master_LAYOUT_post_release_updates_4.30.26_v3.xlsx,"Facts & Figures 2026, Table 11: Pa. (b) — single filer rates: 3.07%",,medium,etl.laws.refresh (automated),
income_tax_structure,state,RI,graduated,,in_effect,,2026-09-27,Tax Foundation,https://taxfoundation.org/data/all/state/2026-state-tax-data/,2026-04-28,https://taxfoundation.org/wp-content/uploads/2026/05/2026_F_26F26F_ALL_Tables_Master_LAYOUT_post_release_updates_4.30.26_v3.xlsx,"Facts & Figures 2026, Table 11: R.I. (c) — single filer rates: 3.75%, 4.75%, 5.99%",,medium,etl.laws.refresh (automated),
income_tax_structure,state,SC,graduated,,in_effect,,2026-09-27,Tax Foundation,https://taxfoundation.org/data/all/state/2026-state-tax-data/,2026-04-28,https://taxfoundation.org/wp-content/uploads/2026/05/2026_F_26F26F_ALL_Tables_Master_LAYOUT_post_release_updates_4.30.26_v3.xlsx,"Facts & Figures 2026, Table 11: S.C. (c) — single filer rates: 1.99%, 5.21%",,medium,etl.laws.refresh (automated),
income_tax_structure,state,SD,none,,in_effect,,2026-09-27,Tax Foundation,https://taxfoundation.org/data/all/state/2026-state-tax-data/,2026-04-28,https://taxfoundation.org/wp-content/uploads/2026/05/2026_F_26F26F_ALL_Tables_Master_LAYOUT_post_release_updates_4.30.26_v3.xlsx,"Facts & Figures 2026, Table 11: S.D. — single filer rates: none",,medium,etl.laws.refresh (automated),
income_tax_structure,state,TN,none,,in_effect,,2026-09-27,Tax Foundation,https://taxfoundation.org/data/all/state/2026-state-tax-data/,2026-04-28,https://taxfoundation.org/wp-content/uploads/2026/05/2026_F_26F26F_ALL_Tables_Master_LAYOUT_post_release_updates_4.30.26_v3.xlsx,"Facts & Figures 2026, Table 11: Tenn. — single filer rates: none",,medium,etl.laws.refresh (automated),
income_tax_structure,state,TX,none,,in_effect,,2026-09-27,Tax Foundation,https://taxfoundation.org/data/all/state/2026-state-tax-data/,2026-04-28,https://taxfoundation.org/wp-content/uploads/2026/05/2026_F_26F26F_ALL_Tables_Master_LAYOUT_post_release_updates_4.30.26_v3.xlsx,"Facts & Figures 2026, Table 11: Tex. — single filer rates: none",,medium,etl.laws.refresh (automated),
income_tax_structure,state,UT,flat,,in_effect,,2026-09-27,Tax Foundation,https://taxfoundation.org/data/all/state/2026-state-tax-data/,2026-04-28,https://taxfoundation.org/wp-content/uploads/2026/05/2026_F_26F26F_ALL_Tables_Master_LAYOUT_post_release_updates_4.30.26_v3.xlsx,"Facts & Figures 2026, Table 11: Utah (j) — single filer rates: 4.45%",,medium,etl.laws.refresh (automated),
income_tax_structure,state,VA,graduated,,in_effect,,2026-09-27,Tax Foundation,https://taxfoundation.org/data/all/state/2026-state-tax-data/,2026-04-28,https://taxfoundation.org/wp-content/uploads/2026/05/2026_F_26F26F_ALL_Tables_Master_LAYOUT_post_release_updates_4.30.26_v3.xlsx,"Facts & Figures 2026, Table 11: Va. — single filer rates: 2%, 3%, 5%, 5.75%",,medium,etl.laws.refresh (automated),
income_tax_structure,state,VT,graduated,,in_effect,,2026-09-27,Tax Foundation,https://taxfoundation.org/data/all/state/2026-state-tax-data/,2026-04-28,https://taxfoundation.org/wp-content/uploads/2026/05/2026_F_26F26F_ALL_Tables_Master_LAYOUT_post_release_updates_4.30.26_v3.xlsx,"Facts & Figures 2026, Table 11: Vt. (c, e) — single filer rates: 3.35%, 6.6%, 7.6%, 8.75%",,medium,etl.laws.refresh (automated),
income_tax_structure,state,WA,none,,in_effect,,2026-09-27,Tax Foundation,https://taxfoundation.org/data/all/state/2026-state-tax-data/,2026-04-28,https://taxfoundation.org/wp-content/uploads/2026/05/2026_F_26F26F_ALL_Tables_Master_LAYOUT_post_release_updates_4.30.26_v3.xlsx,"Facts & Figures 2026, Table 11: Wash. (h, k) — single filer rates: 7%, 9%",,medium,etl.laws.refresh (automated),"No tax on wage income; tax on capital gains income only (7%, 9%)."
income_tax_structure,state,WI,graduated,,in_effect,,2026-09-27,Tax Foundation,https://taxfoundation.org/data/all/state/2026-state-tax-data/,2026-04-28,https://taxfoundation.org/wp-content/uploads/2026/05/2026_F_26F26F_ALL_Tables_Master_LAYOUT_post_release_updates_4.30.26_v3.xlsx,"Facts & Figures 2026, Table 11: Wis. (c) — single filer rates: 3.5%, 4.4%, 5.3%, 7.65%",,medium,etl.laws.refresh (automated),
income_tax_structure,state,WV,graduated,,in_effect,,2026-09-27,Tax Foundation,https://taxfoundation.org/data/all/state/2026-state-tax-data/,2026-04-28,https://taxfoundation.org/wp-content/uploads/2026/05/2026_F_26F26F_ALL_Tables_Master_LAYOUT_post_release_updates_4.30.26_v3.xlsx,"Facts & Figures 2026, Table 11: W.Va. (b, j) — single filer rates: 2.11%, 2.81%, 3.16%, 4.22%, 4.58%",,medium,etl.laws.refresh (automated),
income_tax_structure,state,WY,none,,in_effect,,2026-09-27,Tax Foundation,https://taxfoundation.org/data/all/state/2026-state-tax-data/,2026-04-28,https://taxfoundation.org/wp-content/uploads/2026/05/2026_F_26F26F_ALL_Tables_Master_LAYOUT_post_release_updates_4.30.26_v3.xlsx,"Facts & Figures 2026, Table 11: Wyo. — single filer rates: none",,medium,etl.laws.refresh (automated),
income_tax_top_rate,state,AK,0,0,in_effect,,2026-09-27,Tax Foundation,https://taxfoundation.org/data/all/state/2026-state-tax-data/,2026-04-28,https://taxfoundation.org/wp-content/uploads/2026/05/2026_F_26F26F_ALL_Tables_Master_LAYOUT_post_release_updates_4.30.26_v3.xlsx,"Facts & Figures 2026, Table 11: Alaska — single filer rates: none",,medium,etl.laws.refresh (automated),
income_tax_top_rate,state,AL,5,5,in_effect,,2026-09-27,Tax Foundation,https://taxfoundation.org/data/all/state/2026-state-tax-data/,2026-04-28,https://taxfoundation.org/wp-content/uploads/2026/05/2026_F_26F26F_ALL_Tables_Master_LAYOUT_post_release_updates_4.30.26_v3.xlsx,"Facts & Figures 2026, Table 11: Ala. (a, b) — single filer rates: 2%, 4%, 5%",,medium,etl.laws.refresh (automated),
income_tax_top_rate,state,AR,3.9,3.9,in_effect,,2026-09-27,Tax Foundation,https://taxfoundation.org/data/all/state/2026-state-tax-data/,2026-04-28,https://taxfoundation.org/wp-content/uploads/2026/05/2026_F_26F26F_ALL_Tables_Master_LAYOUT_post_release_updates_4.30.26_v3.xlsx,"Facts & Figures 2026, Table 11: Ark. (c, d, e) — single filer rates: 2%, 3.9%",,medium,etl.laws.refresh (automated),
income_tax_top_rate,state,AZ,2.5,2.5,in_effect,,2026-09-27,Tax Foundation,https://taxfoundation.org/data/all/state/2026-state-tax-data/,2026-04-28,https://taxfoundation.org/wp-content/uploads/2026/05/2026_F_26F26F_ALL_Tables_Master_LAYOUT_post_release_updates_4.30.26_v3.xlsx,"Facts & Figures 2026, Table 11: Ariz. — single filer rates: 2.5%",,medium,etl.laws.refresh (automated),
income_tax_top_rate,state,CA,13.3,13.3,in_effect,,2026-09-27,Tax Foundation,https://taxfoundation.org/data/all/state/2026-state-tax-data/,2026-04-28,https://taxfoundation.org/wp-content/uploads/2026/05/2026_F_26F26F_ALL_Tables_Master_LAYOUT_post_release_updates_4.30.26_v3.xlsx,"Facts & Figures 2026, Table 11: Calif. (b, c, e, f, g, h) — single filer rates: 1%, 2%, 4%, 6%, 8%, 9.3%, 10.3%, 11.3%, 12.3%, 13.3%",,medium,etl.laws.refresh (automated),
income_tax_top_rate,state,CO,4.4,4.4,in_effect,,2026-09-27,Tax Foundation,https://taxfoundation.org/data/all/state/2026-state-tax-data/,2026-04-28,https://taxfoundation.org/wp-content/uploads/2026/05/2026_F_26F26F_ALL_Tables_Master_LAYOUT_post_release_updates_4.30.26_v3.xlsx,"Facts & Figures 2026, Table 11: Colo. (b) — single filer rates: 4.4%",,medium,etl.laws.refresh (automated),
income_tax_top_rate,state,CT,6.99,6.99,in_effect,,2026-09-27,Tax Foundation,https://taxfoundation.org/data/all/state/2026-state-tax-data/,2026-04-28,https://taxfoundation.org/wp-content/uploads/2026/05/2026_F_26F26F_ALL_Tables_Master_LAYOUT_post_release_updates_4.30.26_v3.xlsx,"Facts & Figures 2026, Table 11: Conn. (i) — single filer rates: 2%, 4.5%, 5.5%, 6%, 6.5%, 6.9%, 6.99%",,medium,etl.laws.refresh (automated),
income_tax_top_rate,state,DC,10.75,10.75,in_effect,,2026-09-27,Tax Foundation,https://taxfoundation.org/data/all/state/2026-state-tax-data/,2026-04-28,https://taxfoundation.org/wp-content/uploads/2026/05/2026_F_26F26F_ALL_Tables_Master_LAYOUT_post_release_updates_4.30.26_v3.xlsx,"Facts & Figures 2026, Table 11: D.C. — single filer rates: 4%, 6%, 6.5%, 8.5%, 9.25%, 9.75%, 10.75%",,medium,etl.laws.refresh (automated),
income_tax_top_rate,state,DE,6.6,6.6,in_effect,,2026-09-27,Tax Foundation,https://taxfoundation.org/data/all/state/2026-state-tax-data/,2026-04-28,https://taxfoundation.org/wp-content/uploads/2026/05/2026_F_26F26F_ALL_Tables_Master_LAYOUT_post_release_updates_4.30.26_v3.xlsx,"Facts & Figures 2026, Table 11: Del. (b) — single filer rates: 2.2%, 3.9%, 4.8%, 5.2%, 5.55%, 6.6%",,medium,etl.laws.refresh (automated),
income_tax_top_rate,state,FL,0,0,in_effect,,2026-09-27,Tax Foundation,https://taxfoundation.org/data/all/state/2026-state-tax-data/,2026-04-28,https://taxfoundation.org/wp-content/uploads/2026/05/2026_F_26F26F_ALL_Tables_Master_LAYOUT_post_release_updates_4.30.26_v3.xlsx,"Facts & Figures 2026, Table 11: Fla. — single filer rates: none",,medium,etl.laws.refresh (automated),
income_tax_top_rate,state,GA,5.19,5.19,in_effect,,2026-09-27,Tax Foundation,https://taxfoundation.org/data/all/state/2026-state-tax-data/,2026-04-28,https://taxfoundation.org/wp-content/uploads/2026/05/2026_F_26F26F_ALL_Tables_Master_LAYOUT_post_release_updates_4.30.26_v3.xlsx,"Facts & Figures 2026, Table 11: Ga. — single filer rates: 5.19%",,medium,etl.laws.refresh (automated),
income_tax_top_rate,state,HI,11,11,in_effect,,2026-09-27,Tax Foundation,https://taxfoundation.org/data/all/state/2026-state-tax-data/,2026-04-28,https://taxfoundation.org/wp-content/uploads/2026/05/2026_F_26F26F_ALL_Tables_Master_LAYOUT_post_release_updates_4.30.26_v3.xlsx,"Facts & Figures 2026, Table 11: Hawaii — single filer rates: 1.4%, 3.2%, 5.5%, 6.4%, 6.8%, 7.2%, 7.6%, 7.9%, 8.25%, 9%, 10%, 11%",,medium,etl.laws.refresh (automated),
income_tax_top_rate,state,IA,3.8,3.8,in_effect,,2026-09-27,Tax Foundation,https://taxfoundation.org/data/all/state/2026-state-tax-data/,2026-04-28,https://taxfoundation.org/wp-content/uploads/2026/05/2026_F_26F26F_ALL_Tables_Master_LAYOUT_post_release_updates_4.30.26_v3.xlsx,"Facts & Figures 2026, Table 11: Iowa (b) — single filer rates: 3.8%",,medium,etl.laws.refresh (automated),
income_tax_top_rate,state,ID,5.3,5.3,in_effect,,2026-09-27,Tax Foundation,https://taxfoundation.org/data/all/state/2026-state-tax-data/,2026-04-28,https://taxfoundation.org/wp-content/uploads/2026/05/2026_F_26F26F_ALL_Tables_Master_LAYOUT_post_release_updates_4.30.26_v3.xlsx,"Facts & Figures 2026, Table 11: Idaho (c, e) — single filer rates: 5.3%",,medium,etl.laws.refresh (automated),
income_tax_top_rate,state,IL,4.95,4.95,in_effect,,2026-09-27,Tax Foundation,https://taxfoundation.org/data/all/state/2026-state-tax-data/,2026-04-28,https://taxfoundation.org/wp-content/uploads/2026/05/2026_F_26F26F_ALL_Tables_Master_LAYOUT_post_release_updates_4.30.26_v3.xlsx,"Facts & Figures 2026, Table 11: Ill. — single filer rates: 4.95%",,medium,etl.laws.refresh (automated),
income_tax_top_rate,state,IN,2.95,2.95,in_effect,,2026-09-27,Tax Foundation,https://taxfoundation.org/data/all/state/2026-state-tax-data/,2026-04-28,https://taxfoundation.org/wp-content/uploads/2026/05/2026_F_26F26F_ALL_Tables_Master_LAYOUT_post_release_updates_4.30.26_v3.xlsx,"Facts & Figures 2026, Table 11: Ind. (b) — single filer rates: 2.95%",,medium,etl.laws.refresh (automated),
income_tax_top_rate,state,KS,5.58,5.58,in_effect,,2026-09-27,Tax Foundation,https://taxfoundation.org/data/all/state/2026-state-tax-data/,2026-04-28,https://taxfoundation.org/wp-content/uploads/2026/05/2026_F_26F26F_ALL_Tables_Master_LAYOUT_post_release_updates_4.30.26_v3.xlsx,"Facts & Figures 2026, Table 11: Kans. (b) — single filer rates: 5.2%, 5.58%",,medium,etl.laws.refresh (automated),
income_tax_top_rate,state,KY,3.5,3.5,in_effect,,2026-09-27,Tax Foundation,https://taxfoundation.org/data/all/state/2026-state-tax-data/,2026-04-28,https://taxfoundation.org/wp-content/uploads/2026/05/2026_F_26F26F_ALL_Tables_Master_LAYOUT_post_release_updates_4.30.26_v3.xlsx,"Facts & Figures 2026, Table 11: Ky. (b) — single filer rates: 3.5%",,medium,etl.laws.refresh (automated),
income_tax_top_rate,state,LA,3,3,in_effect,,2026-09-27,Tax Foundation,https://taxfoundation.org/data/all/state/2026-state-tax-data/,2026-04-28,https://taxfoundation.org/wp-content/uploads/2026/05/2026_F_26F26F_ALL_Tables_Master_LAYOUT_post_release_updates_4.30.26_v3.xlsx,"Facts & Figures 2026, Table 11: La. — single filer rates: 3%",,medium,etl.laws.refresh (automated),
income_tax_top_rate,state,MA,9,9,in_effect,,2026-09-27,Tax Foundation,https://taxfoundation.org/data/all/state/2026-state-tax-data/,2026-04-28,https://taxfoundation.org/wp-content/uploads/2026/05/2026_F_26F26F_ALL_Tables_Master_LAYOUT_post_release_updates_4.30.26_v3.xlsx,"Facts & Figures 2026, Table 11: Mass. (c, e, h) — single filer rates: 5%, 9%",,medium,etl.laws.refresh (automated),
income_tax_top_rate,state,MD,6.5,6.5,in_effect,,2026-09-27,Tax Foundation,https://taxfoundation.org/data/all/state/2026-state-tax-data/,2026-04-28,https://taxfoundation.org/wp-content/uploads/2026/05/2026_F_26F26F_ALL_Tables_Master_LAYOUT_post_release_updates_4.30.26_v3.xlsx,"Facts & Figures 2026, Table 11: Md. (b, h) — single filer rates: 2%, 3%, 4%, 4.75%, 5%, 5.25%, 5.5%, 5.75%, 6.25%, 6.5%",,medium,etl.laws.refresh (automated),
income_tax_top_rate,state,ME,9.15,9.15,in_effect,,2026-09-27,Tax Foundation,https://taxfoundation.org/data/all/state/2026-state-tax-data/,2026-04-28,https://taxfoundation.org/wp-content/uploads/2026/05/2026_F_26F26F_ALL_Tables_Master_LAYOUT_post_release_updates_4.30.26_v3.xlsx,"Facts & Figures 2026, Table 11: Maine (c, j) — single filer rates: 5.8%, 6.75%, 7.15%, 9.15%",,medium,etl.laws.refresh (automated),"Tax Foundation's February 11, 2026 table listed 7.15%."
income_tax_top_rate,state,MI,4.25,4.25,in_effect,,2026-09-27,Tax Foundation,https://taxfoundation.org/data/all/state/2026-state-tax-data/,2026-04-28,https://taxfoundation.org/wp-content/uploads/2026/05/2026_F_26F26F_ALL_Tables_Master_LAYOUT_post_release_updates_4.30.26_v3.xlsx,"Facts & Figures 2026, Table 11: Mich. (b) — single filer rates: 4.25%",,medium,etl.laws.refresh (automated),
income_tax_top_rate,state,MN,9.85,9.85,in_effect,,2026-09-27,Tax Foundation,https://taxfoundation.org/data/all/state/2026-state-tax-data/,2026-04-28,https://taxfoundation.org/wp-content/uploads/2026/05/2026_F_26F26F_ALL_Tables_Master_LAYOUT_post_release_updates_4.30.26_v3.xlsx,"Facts & Figures 2026, Table 11: Minn. (c, h) — single filer rates: 5.35%, 6.8%, 7.85%, 9.85%",,medium,etl.laws.refresh (automated),
income_tax_top_rate,state,MO,4.7,4.7,in_effect,,2026-09-27,Tax Foundation,https://taxfoundation.org/data/all/state/2026-state-tax-data/,2026-04-28,https://taxfoundation.org/wp-content/uploads/2026/05/2026_F_26F26F_ALL_Tables_Master_LAYOUT_post_release_updates_4.30.26_v3.xlsx,"Facts & Figures 2026, Table 11: Mo. (a, b, c) — single filer rates: 2%, 2.5%, 3%, 3.5%, 4%, 4.5%, 4.7%",,medium,etl.laws.refresh (automated),
income_tax_top_rate,state,MS,4,4,in_effect,,2026-09-27,Tax Foundation,https://taxfoundation.org/data/all/state/2026-state-tax-data/,2026-04-28,https://taxfoundation.org/wp-content/uploads/2026/05/2026_F_26F26F_ALL_Tables_Master_LAYOUT_post_release_updates_4.30.26_v3.xlsx,"Facts & Figures 2026, Table 11: Miss. — single filer rates: 4%",,medium,etl.laws.refresh (automated),
income_tax_top_rate,state,MT,5.65,5.65,in_effect,,2026-09-27,Tax Foundation,https://taxfoundation.org/data/all/state/2026-state-tax-data/,2026-04-28,https://taxfoundation.org/wp-content/uploads/2026/05/2026_F_26F26F_ALL_Tables_Master_LAYOUT_post_release_updates_4.30.26_v3.xlsx,"Facts & Figures 2026, Table 11: Mont. (c) — single filer rates: 4.7%, 5.65%",,medium,etl.laws.refresh (automated),
income_tax_top_rate,state,NC,3.99,3.99,in_effect,,2026-09-27,Tax Foundation,https://taxfoundation.org/data/all/state/2026-state-tax-data/,2026-04-28,https://taxfoundation.org/wp-content/uploads/2026/05/2026_F_26F26F_ALL_Tables_Master_LAYOUT_post_release_updates_4.30.26_v3.xlsx,"Facts & Figures 2026, Table 11: N.C. — single filer rates: 3.99%",,medium,etl.laws.refresh (automated),
income_tax_top_rate,state,ND,2.5,2.5,in_effect,,2026-09-27,Tax Foundation,https://taxfoundation.org/data/all/state/2026-state-tax-data/,2026-04-28,https://taxfoundation.org/wp-content/uploads/2026/05/2026_F_26F26F_ALL_Tables_Master_LAYOUT_post_release_updates_4.30.26_v3.xlsx,"Facts & Figures 2026, Table 11: N.D. (c, e) — single filer rates: 1.95%, 2.5%",,medium,etl.laws.refresh (automated),
income_tax_top_rate,state,NE,4.55,4.55,in_effect,,2026-09-27,Tax Foundation,https://taxfoundation.org/data/all/state/2026-state-tax-data/,2026-04-28,https://taxfoundation.org/wp-content/uploads/2026/05/2026_F_26F26F_ALL_Tables_Master_LAYOUT_post_release_updates_4.30.26_v3.xlsx,"Facts & Figures 2026, Table 11: Nebr. (c) — single filer rates: 2.46%, 3.51%, 4.55%",,medium,etl.laws.refresh (automated),
income_tax_top_rate,state,NH,0,0,in_effect,,2026-09-27,Tax Foundation,https://taxfoundation.org/data/all/state/2026-state-tax-data/,2026-04-28,https://taxfoundation.org/wp-content/uploads/2026/05/2026_F_26F26F_ALL_Tables_Master_LAYOUT_post_release_updates_4.30.26_v3.xlsx,"Facts & Figures 2026, Table 11: N.H. — single filer rates: none",,medium,etl.laws.refresh (automated),
income_tax_top_rate,state,NJ,10.75,10.75,in_effect,,2026-09-27,Tax Foundation,https://taxfoundation.org/data/all/state/2026-state-tax-data/,2026-04-28,https://taxfoundation.org/wp-content/uploads/2026/05/2026_F_26F26F_ALL_Tables_Master_LAYOUT_post_release_updates_4.30.26_v3.xlsx,"Facts & Figures 2026, Table 11: N.J. (b) — single filer rates: 1.4%, 1.75%, 3.5%, 5.525%, 6.37%, 8.97%, 10.75%",,medium,etl.laws.refresh (automated),
income_tax_top_rate,state,NM,5.9,5.9,in_effect,,2026-09-27,Tax Foundation,https://taxfoundation.org/data/all/state/2026-state-tax-data/,2026-04-28,https://taxfoundation.org/wp-content/uploads/2026/05/2026_F_26F26F_ALL_Tables_Master_LAYOUT_post_release_updates_4.30.26_v3.xlsx,"Facts & Figures 2026, Table 11: N.M. — single filer rates: 1.5%, 3.2%, 4.3%, 4.7%, 4.9%, 5.9%",,medium,etl.laws.refresh (automated),
income_tax_top_rate,state,NV,0,0,in_effect,,2026-09-27,Tax Foundation,https://taxfoundation.org/data/all/state/2026-state-tax-data/,2026-04-28,https://taxfoundation.org/wp-content/uploads/2026/05/2026_F_26F26F_ALL_Tables_Master_LAYOUT_post_release_updates_4.30.26_v3.xlsx,"Facts & Figures 2026, Table 11: Nev. — single filer rates: none",,medium,etl.laws.refresh (automated),
income_tax_top_rate,state,NY,10.9,10.9,in_effect,,2026-09-27,Tax Foundation,https://taxfoundation.org/data/all/state/2026-state-tax-data/,2026-04-28,https://taxfoundation.org/wp-content/uploads/2026/05/2026_F_26F26F_ALL_Tables_Master_LAYOUT_post_release_updates_4.30.26_v3.xlsx,"Facts & Figures 2026, Table 11: N.Y. (b, i) — single filer rates: 3.9%, 4.4%, 5.15%, 5.4%, 5.9%, 6.85%, 9.65%, 10.3%, 10.9%",,medium,etl.laws.refresh (automated),
income_tax_top_rate,state,OH,2.75,2.75,in_effect,,2026-09-27,Tax Foundation,https://taxfoundation.org/data/all/state/2026-state-tax-data/,2026-04-28,https://taxfoundation.org/wp-content/uploads/2026/05/2026_F_26F26F_ALL_Tables_Master_LAYOUT_post_release_updates_4.30.26_v3.xlsx,"Facts & Figures 2026, Table 11: Ohio (b, c) — single filer rates: 2.75%",,medium,etl.laws.refresh (automated),
income_tax_top_rate,state,OK,4.5,4.5,in_effect,,2026-09-27,Tax Foundation,https://taxfoundation.org/data/all/state/2026-state-tax-data/,2026-04-28,https://taxfoundation.org/wp-content/uploads/2026/05/2026_F_26F26F_ALL_Tables_Master_LAYOUT_post_release_updates_4.30.26_v3.xlsx,"Facts & Figures 2026, Table 11: Okla. — single filer rates: 0%, 2.5%, 3.5%, 4.5%",,medium,etl.laws.refresh (automated),
income_tax_top_rate,state,OR,9.9,9.9,in_effect,,2026-09-27,Tax Foundation,https://taxfoundation.org/data/all/state/2026-state-tax-data/,2026-04-28,https://taxfoundation.org/wp-content/uploads/2026/05/2026_F_26F26F_ALL_Tables_Master_LAYOUT_post_release_updates_4.30.26_v3.xlsx,"Facts & Figures 2026, Table 11: Ore. (a, b, c, g) — single filer rates: 4.75%, 6.75%, 8.75%, 9.9%",,medium,etl.laws.refresh (automated),
income_tax_top_rate,state,PA,3.07,3.07,in_effect,,2026-09-27,Tax Foundation,https://taxfoundation.org/data/all/state/2026-state-tax-data/,2026-04-28,https://taxfoundation.org/wp-content/uploads/2026/05/2026_F_26F26F_ALL_Tables_Master_LAYOUT_post_release_updates_4.30.26_v3.xlsx,"Facts & Figures 2026, Table 11: Pa. (b) — single filer rates: 3.07%",,medium,etl.laws.refresh (automated),
income_tax_top_rate,state,RI,5.99,5.99,in_effect,,2026-09-27,Tax Foundation,https://taxfoundation.org/data/all/state/2026-state-tax-data/,2026-04-28,https://taxfoundation.org/wp-content/uploads/2026/05/2026_F_26F26F_ALL_Tables_Master_LAYOUT_post_release_updates_4.30.26_v3.xlsx,"Facts & Figures 2026, Table 11: R.I. (c) — single filer rates: 3.75%, 4.75%, 5.99%",,medium,etl.laws.refresh (automated),
income_tax_top_rate,state,SC,5.21,5.21,in_effect,,2026-09-27,Tax Foundation,https://taxfoundation.org/data/all/state/2026-state-tax-data/,2026-04-28,https://taxfoundation.org/wp-content/uploads/2026/05/2026_F_26F26F_ALL_Tables_Master_LAYOUT_post_release_updates_4.30.26_v3.xlsx,"Facts & Figures 2026, Table 11: S.C. (c) — single filer rates: 1.99%, 5.21%",,medium,etl.laws.refresh (automated),"Tax Foundation's February 11, 2026 table listed 6%."
income_tax_top_rate,state,SD,0,0,in_effect,,2026-09-27,Tax Foundation,https://taxfoundation.org/data/all/state/2026-state-tax-data/,2026-04-28,https://taxfoundation.org/wp-content/uploads/2026/05/2026_F_26F26F_ALL_Tables_Master_LAYOUT_post_release_updates_4.30.26_v3.xlsx,"Facts & Figures 2026, Table 11: S.D. — single filer rates: none",,medium,etl.laws.refresh (automated),
income_tax_top_rate,state,TN,0,0,in_effect,,2026-09-27,Tax Foundation,https://taxfoundation.org/data/all/state/2026-state-tax-data/,2026-04-28,https://taxfoundation.org/wp-content/uploads/2026/05/2026_F_26F26F_ALL_Tables_Master_LAYOUT_post_release_updates_4.30.26_v3.xlsx,"Facts & Figures 2026, Table 11: Tenn. — single filer rates: none",,medium,etl.laws.refresh (automated),
income_tax_top_rate,state,TX,0,0,in_effect,,2026-09-27,Tax Foundation,https://taxfoundation.org/data/all/state/2026-state-tax-data/,2026-04-28,https://taxfoundation.org/wp-content/uploads/2026/05/2026_F_26F26F_ALL_Tables_Master_LAYOUT_post_release_updates_4.30.26_v3.xlsx,"Facts & Figures 2026, Table 11: Tex. — single filer rates: none",,medium,etl.laws.refresh (automated),
income_tax_top_rate,state,UT,4.45,4.45,in_effect,,2026-09-27,Tax Foundation,https://taxfoundation.org/data/all/state/2026-state-tax-data/,2026-04-28,https://taxfoundation.org/wp-content/uploads/2026/05/2026_F_26F26F_ALL_Tables_Master_LAYOUT_post_release_updates_4.30.26_v3.xlsx,"Facts & Figures 2026, Table 11: Utah (j) — single filer rates: 4.45%",,medium,etl.laws.refresh (automated),"Tax Foundation's February 11, 2026 table listed 4.5%."
income_tax_top_rate,state,VA,5.75,5.75,in_effect,,2026-09-27,Tax Foundation,https://taxfoundation.org/data/all/state/2026-state-tax-data/,2026-04-28,https://taxfoundation.org/wp-content/uploads/2026/05/2026_F_26F26F_ALL_Tables_Master_LAYOUT_post_release_updates_4.30.26_v3.xlsx,"Facts & Figures 2026, Table 11: Va. — single filer rates: 2%, 3%, 5%, 5.75%",,medium,etl.laws.refresh (automated),
income_tax_top_rate,state,VT,8.75,8.75,in_effect,,2026-09-27,Tax Foundation,https://taxfoundation.org/data/all/state/2026-state-tax-data/,2026-04-28,https://taxfoundation.org/wp-content/uploads/2026/05/2026_F_26F26F_ALL_Tables_Master_LAYOUT_post_release_updates_4.30.26_v3.xlsx,"Facts & Figures 2026, Table 11: Vt. (c, e) — single filer rates: 3.35%, 6.6%, 7.6%, 8.75%",,medium,etl.laws.refresh (automated),
income_tax_top_rate,state,WA,0,0,in_effect,,2026-09-27,Tax Foundation,https://taxfoundation.org/data/all/state/2026-state-tax-data/,2026-04-28,https://taxfoundation.org/wp-content/uploads/2026/05/2026_F_26F26F_ALL_Tables_Master_LAYOUT_post_release_updates_4.30.26_v3.xlsx,"Facts & Figures 2026, Table 11: Wash. (h, k) — single filer rates: 7%, 9%",,medium,etl.laws.refresh (automated),"No tax on wage income; tax on capital gains income only (7%, 9%)."
income_tax_top_rate,state,WI,7.65,7.65,in_effect,,2026-09-27,Tax Foundation,https://taxfoundation.org/data/all/state/2026-state-tax-data/,2026-04-28,https://taxfoundation.org/wp-content/uploads/2026/05/2026_F_26F26F_ALL_Tables_Master_LAYOUT_post_release_updates_4.30.26_v3.xlsx,"Facts & Figures 2026, Table 11: Wis. (c) — single filer rates: 3.5%, 4.4%, 5.3%, 7.65%",,medium,etl.laws.refresh (automated),
income_tax_top_rate,state,WV,4.58,4.58,in_effect,,2026-09-27,Tax Foundation,https://taxfoundation.org/data/all/state/2026-state-tax-data/,2026-04-28,https://taxfoundation.org/wp-content/uploads/2026/05/2026_F_26F26F_ALL_Tables_Master_LAYOUT_post_release_updates_4.30.26_v3.xlsx,"Facts & Figures 2026, Table 11: W.Va. (b, j) — single filer rates: 2.11%, 2.81%, 3.16%, 4.22%, 4.58%",,medium,etl.laws.refresh (automated),"Tax Foundation's February 11, 2026 table listed 4.82%."
income_tax_top_rate,state,WY,0,0,in_effect,,2026-09-27,Tax Foundation,https://taxfoundation.org/data/all/state/2026-state-tax-data/,2026-04-28,https://taxfoundation.org/wp-content/uploads/2026/05/2026_F_26F26F_ALL_Tables_Master_LAYOUT_post_release_updates_4.30.26_v3.xlsx,"Facts & Figures 2026, Table 11: Wyo. — single filer rates: none",,medium,etl.laws.refresh (automated),
marijuana_status,state,AK,recreational,,in_effect,,2026-09-27,NCSL,https://www.ncsl.org/health/state-medical-cannabis-laws,2026-09-02,,"Alaska | Measure 8 (1998) SB 94 (1999) Statute Title 17, Chapter 37 | adult use: Yes. Ballot Measure 2 (2014) Marijuana Regulations",,high,etl.laws.refresh (automated),"Adult use: Yes. Ballot Measure 2 (2014) Marijuana Regulations Confirmed by Wikipedia (revision of Sep 5, 2026)."
marijuana_status,state,AL,medical,,in_effect,,2026-09-27,NCSL,https://www.ncsl.org/health/state-medical-cannabis-laws,2026-09-02,,Alabama | SB 46 (2021) Act 2021-450 | adult use: (blank),,high,etl.laws.refresh (automated),"Medical program: SB 46 (2021) Act 2021-450 Confirmed by Wikipedia (revision of Sep 5, 2026)."
marijuana_status,state,AR,medical,,in_effect,,2026-09-27,NCSL,https://www.ncsl.org/health/state-medical-cannabis-laws,2026-09-02,,Arkansas | Issue 6 (2016) | adult use: (blank),,high,etl.laws.refresh (automated),"Medical program: Issue 6 (2016) Confirmed by Wikipedia (revision of Sep 5, 2026)."
marijuana_status,state,AZ,recreational,,in_effect,,2026-09-27,NCSL,https://www.ncsl.org/health/state-medical-cannabis-laws,2026-09-02,,Arizona | Proposition 203 (2010) | adult use: Yes. Proposition 207 (2020),,high,etl.laws.refresh (automated),"Adult use: Yes. Proposition 207 (2020) Confirmed by Wikipedia (revision of Sep 5, 2026)."
marijuana_status,state,CA,recreational,,in_effect,,2026-09-27,NCSL,https://www.ncsl.org/health/state-medical-cannabis-laws,2026-09-02,,California | Proposition 215 (1996) SB 420 (2003) | adult use: Yes. Proposition 64 (2016),,high,etl.laws.refresh (automated),"Adult use: Yes. Proposition 64 (2016) Confirmed by Wikipedia (revision of Sep 5, 2026)."
marijuana_status,state,CO,recreational,,in_effect,,2026-09-27,NCSL,https://www.ncsl.org/health/state-medical-cannabis-laws,2026-09-02,,Colorado Medical program info -Non medical adult use info | Amendment 20 (2000) | adult use: Yes. Amendment 64 (2012),,high,etl.laws.refresh (automated),"Adult use: Yes. Amendment 64 (2012) Confirmed by Wikipedia (revision of Sep 5, 2026)."
marijuana_status,state,CT,recreational,,in_effect,,2026-09-27,NCSL,https://www.ncsl.org/health/state-medical-cannabis-laws,2026-09-02,,Connecticut | HB 5389 (2012) | adult use: Yes. SB 1201 (2021),,high,etl.laws.refresh (automated),"Adult use: Yes. SB 1201 (2021) Confirmed by Wikipedia (revision of Sep 5, 2026)."
marijuana_status,state,DC,recreational,,in_effect,,2026-09-27,NCSL,https://www.ncsl.org/health/state-medical-cannabis-laws,2026-09-02,,District of Columbia | Initiative 59 (Passed by voters but blocked by the Barr Amendment in 1998) L18-0210 or Act B18-622 (2010) | adult use: Yes. Initiative 71 (2014),,medium,etl.laws.refresh (automated),Adult use: Yes. Initiative 71 (2014) Wikipedia's entry doesn't state this clearly; NCSL only.
marijuana_status,state,DE,recreational,,in_effect,,2026-09-27,NCSL,https://www.ncsl.org/health/state-medical-cannabis-laws,2026-09-02,,Delaware | SB 17 (2011) | adult use: Yes. Nonmedical adult-use legislation HB 1 and HB 2 (2023) passed the legislature and enacted without governor's signatu,,high,etl.laws.refresh (automated),"Adult use: Yes. Nonmedical adult-use legislation HB 1 and HB 2 (2023) passed the legislature and enacted without governor's signature. Confirmed by Wikipedia (revision of Sep 5, 2026)."
marijuana_status,state,FL,medical,,in_effect,,2026-09-27,NCSL,https://www.ncsl.org/health/state-medical-cannabis-laws,2026-09-02,,Florida | Amendment 2 (2016) | adult use: (blank),,high,etl.laws.refresh (automated),"Medical program: Amendment 2 (2016) Confirmed by Wikipedia (revision of Sep 5, 2026)."
marijuana_status,state,GA,medical,,in_effect,,2026-09-27,NCSL,https://www.ncsl.org/health/state-medical-cannabis-laws,2026-09-02,,Georgia | SB 220 (2026) Replaces previous low-THC program. | adult use: No.,,medium,etl.laws.refresh (automated),Medical program: SB 220 (2026) Replaces previous low-THC program. Wikipedia's entry doesn't state this clearly; NCSL only.
marijuana_status,state,HI,medical,,in_effect,,2026-09-27,NCSL,https://www.ncsl.org/health/state-medical-cannabis-laws,2026-09-02,,Hawaii | SB 862 (2000) | adult use: (blank),,high,etl.laws.refresh (automated),"Medical program: SB 862 (2000) Confirmed by Wikipedia (revision of Sep 5, 2026)."
marijuana_status,state,IA,,,unknown,,2026-09-27,,,,,,,unverified,etl.laws.refresh (automated),"IA: NCSL says cbd_only, Wikipedia (revision of Sep 5, 2026) says medical — sources disagree, left blank. https://en.wikipedia.org/w/index.php?title=Legality_of_cannabis_by_U.S._jurisdiction&oldid=1373434985"
marijuana_status,state,ID,,,unknown,,2026-09-27,,,,,,,unverified,etl.laws.refresh (automated),"ID: NCSL says illegal, Wikipedia (revision of Sep 5, 2026) says cbd_only — sources disagree, left blank. https://en.wikipedia.org/w/index.php?title=Legality_of_cannabis_by_U.S._jurisdiction&oldid=1373434985"
marijuana_status,state,IL,recreational,,in_effect,,2026-09-27,NCSL,https://www.ncsl.org/health/state-medical-cannabis-laws,2026-09-02,,Illinois | HB 1 (2013) | adult use: Yes. SB 0007 (2020),,high,etl.laws.refresh (automated),"Adult use: Yes. SB 0007 (2020) Confirmed by Wikipedia (revision of Sep 5, 2026)."
marijuana_status,state,IN,cbd_only,,in_effect,,2026-09-27,NCSL,https://www.ncsl.org/health/state-medical-cannabis-laws,2026-09-02,,Indiana | HB 1148 (2017) | At least 5% CBD by weight. No more than 0.3% THC by weight.,,high,etl.laws.refresh (automated),"Low-THC/CBD program only: At least 5% CBD by weight. No more than 0.3% THC by weight. Confirmed by Wikipedia (revision of Sep 5, 2026)."
marijuana_status,state,KS,cbd_only,,in_effect,,2026-09-27,NCSL,https://www.ncsl.org/health/state-medical-cannabis-laws,2026-09-02,,Kansas* (Not marked on map above because the state does not  | SB 28 Clare and Lola's law (2019) | Concentrated cannabidiol with THC of no more than 5% relative of weight by third party testing.,,high,etl.laws.refresh (automated),"Low-THC/CBD program only: Concentrated cannabidiol with THC of no more than 5% relative of weight by third party testing. Confirmed by Wikipedia (revision of Sep 5, 2026)."
marijuana_status,state,KY,medical,,in_effect,,2026-09-27,NCSL,https://www.ncsl.org/health/state-medical-cannabis-laws,2026-09-02,,Kentucky | SB 47 (2023) | adult use: (blank),,high,etl.laws.refresh (automated),"Medical program: SB 47 (2023) Confirmed by Wikipedia (revision of Sep 5, 2026)."
marijuana_status,state,LA,medical,,in_effect,,2026-09-27,NCSL,https://www.ncsl.org/health/state-medical-cannabis-laws,2026-09-02,,Louisiana | SB 271 (2017) | adult use: (blank),,high,etl.laws.refresh (automated),"Medical program: SB 271 (2017) Confirmed by Wikipedia (revision of Sep 5, 2026)."
marijuana_status,state,MA,recreational,,in_effect,,2026-09-27,NCSL,https://www.ncsl.org/health/state-medical-cannabis-laws,2026-09-02,,Massachusetts | Question 3 (2012) | adult use: Yes. Question 4 (2016),,high,etl.laws.refresh (automated),"Adult use: Yes. Question 4 (2016) Confirmed by Wikipedia (revision of Sep 5, 2026)."
marijuana_status,state,MD,recreational,,in_effect,,2026-09-27,NCSL,https://www.ncsl.org/health/state-medical-cannabis-laws,2026-09-02,,Maryland | HB 702 (2003) SB 308 (2011) HB 180/SB 580 (2013) HB 1101- Chapter 403 (2013) SB 923 similar to HB 881 (2014) | adult use: Yes. Question 4 (2022),,high,etl.laws.refresh (automated),"Adult use: Yes. Question 4 (2022) Confirmed by Wikipedia (revision of Sep 5, 2026)."
marijuana_status,state,ME,recreational,,in_effect,,2026-09-27,NCSL,https://www.ncsl.org/health/state-medical-cannabis-laws,2026-09-02,,Maine | Question 2 (1999) LD 611 (2002) Question 5 (2009) ME SB 719 (2010) LD 1811 (2010) LD 1296 (2011) ME H 951 (2011) | adult use: Yes. Question 1 (2016) Chapter 409 (2018) ME H 1199 (2018),,high,etl.laws.refresh (automated),"Adult use: Yes. Question 1 (2016) Chapter 409 (2018) ME H 1199 (2018) Confirmed by Wikipedia (revision of Sep 5, 2026)."
marijuana_status,state,MI,recreational,,in_effect,,2026-09-27,NCSL,https://www.ncsl.org/health/state-medical-cannabis-laws,2026-09-02,,Michigan | Proposal 1 (2008) | adult use: Yes. Proposal 18-1 (2018),,high,etl.laws.refresh (automated),"Adult use: Yes. Proposal 18-1 (2018) Confirmed by Wikipedia (revision of Sep 5, 2026)."
marijuana_status,state,MN,recreational,,in_effect,,2026-09-27,NCSL,https://www.ncsl.org/health/state-medical-cannabis-laws,2026-09-02,,Minnesota | SF 2471 Chapter 311 (2014) | adult use: Yes. HF 100 (2023),,high,etl.laws.refresh (automated),"Adult use: Yes. HF 100 (2023) Confirmed by Wikipedia (revision of Sep 5, 2026)."
marijuana_status,state,MO,recreational,,in_effect,,2026-09-27,NCSL,https://www.ncsl.org/health/state-medical-cannabis-laws,2026-09-02,,Missouri | Amendment 2 (2018) | adult use: Yes. Amendment 3 (2022),,high,etl.laws.refresh (automated),"Adult use: Yes. Amendment 3 (2022) Confirmed by Wikipedia (revision of Sep 5, 2026)."
marijuana_status,state,MS,medical,,in_effect,,2026-09-27,NCSL,https://www.ncsl.org/health/state-medical-cannabis-laws,2026-09-02,,Mississippi | SB 2095 (2022) | adult use: (blank),,high,etl.laws.refresh (automated),"Medical program: SB 2095 (2022) Confirmed by Wikipedia (revision of Sep 5, 2026)."
marijuana_status,state,MT,recreational,,in_effect,,2026-09-27,NCSL,https://www.ncsl.org/health/state-medical-cannabis-laws,2026-09-02,,Montana | Initiative 148 (2004) SB 423 (2011) Initiative 182 (2016) | adult use: Yes. Initiative 190 (2020),,high,etl.laws.refresh (automated),"Adult use: Yes. Initiative 190 (2020) Confirmed by Wikipedia (revision of Sep 5, 2026)."
marijuana_status,state,NC,cbd_only,,in_effect,,2026-09-27,NCSL,https://www.ncsl.org/health/state-medical-cannabis-laws,2026-09-02,,"North Carolina | HB 1220 (2014) Epilepsy Alternative Treatment Act- Pilot Study HB 766 (2015) Removes Pilot Study designation | ""Hemp extracts"" with less than 0.9% THC by weight and is composed of at least 5% cannabidiol by weight and contains no other psychoactive substance.",,high,etl.laws.refresh (automated),"Low-THC/CBD program only: ""Hemp extracts"" with less than 0.9% THC by weight and is composed of at least 5% cannabidiol by weight and contains no other psychoactive substance. Confirmed by Wikipedia (revision of Sep 5, 2026)."
marijuana_status,state,ND,medical,,in_effect,,2026-09-27,NCSL,https://www.ncsl.org/health/state-medical-cannabis-laws,2026-09-02,,North Dakota | Measure 5 (2016) NDCC 19-24.1 NDAC 33-44 | adult use: (blank),,high,etl.laws.refresh (automated),"Medical program: Measure 5 (2016) NDCC 19-24.1 NDAC 33-44 Confirmed by Wikipedia (revision of Sep 5, 2026)."
marijuana_status,state,NE,medical,,in_effect,,2026-09-27,NCSL,https://www.ncsl.org/health/state-medical-cannabis-laws,2026-09-02,,Nebraska | Measure 437 (2024)- Legalizes medical marijuana Measure 438 (2024)- Regulates the medical marijuana industry | adult use: No.,,high,etl.laws.refresh (automated),"Medical program: Measure 437 (2024)- Legalizes medical marijuana Measure 438 (2024)- Regulates the medical marijuana industry Confirmed by Wikipedia (revision of Sep 5, 2026)."
marijuana_status,state,NH,medical,,in_effect,,2026-09-27,NCSL,https://www.ncsl.org/health/state-medical-cannabis-laws,2026-09-02,,New Hampshire | HB 573 (2013) HB 89 (2021) | adult use: (blank),,high,etl.laws.refresh (automated),"Medical program: HB 573 (2013) HB 89 (2021) Confirmed by Wikipedia (revision of Sep 5, 2026)."
marijuana_status,state,NJ,recreational,,in_effect,,2026-09-27,NCSL,https://www.ncsl.org/health/state-medical-cannabis-laws,2026-09-02,,New Jersey | SB 119 (2010) Program information | adult use: Yes. Public Question 1 passed by voters in 2020 to allow legislature to enact legislation and NJ AB 21 (2021),,high,etl.laws.refresh (automated),"Adult use: Yes. Public Question 1 passed by voters in 2020 to allow legislature to enact legislation and NJ AB 21 (2021) Confirmed by Wikipedia (revision of Sep 5, 2026)."
marijuana_status,state,NM,recreational,,in_effect,,2026-09-27,NCSL,https://www.ncsl.org/health/state-medical-cannabis-laws,2026-09-02,,New Mexico | SB 523 (2007) | adult use: Yes. HB 2 (2021),,high,etl.laws.refresh (automated),"Adult use: Yes. HB 2 (2021) Confirmed by Wikipedia (revision of Sep 5, 2026)."
marijuana_status,state,NV,recreational,,in_effect,,2026-09-27,NCSL,https://www.ncsl.org/health/state-medical-cannabis-laws,2026-09-02,,Nevada | Question 9 (2000) NRS 453A NAC 453A | adult use: Yes. Question 2 (2016),,high,etl.laws.refresh (automated),"Adult use: Yes. Question 2 (2016) Confirmed by Wikipedia (revision of Sep 5, 2026)."
marijuana_status,state,NY,recreational,,in_effect,,2026-09-27,NCSL,https://www.ncsl.org/health/state-medical-cannabis-laws,2026-09-02,,New York | A6357 (2014) | adult use: Yes. SB 854 (2021),,high,etl.laws.refresh (automated),"Adult use: Yes. SB 854 (2021) Confirmed by Wikipedia (revision of Sep 5, 2026)."
marijuana_status,state,OH,recreational,,in_effect,,2026-09-27,NCSL,https://www.ncsl.org/health/state-medical-cannabis-laws,2026-09-02,,Ohio | HB 523 (2016) | adult use: Yes. Issue 2 (2023),,high,etl.laws.refresh (automated),"Adult use: Yes. Issue 2 (2023) Confirmed by Wikipedia (revision of Sep 5, 2026)."
marijuana_status,state,OK,medical,,in_effect,,2026-09-27,NCSL,https://www.ncsl.org/health/state-medical-cannabis-laws,2026-09-02,,Oklahoma | SQ 788 (2018) | adult use: (blank),,high,etl.laws.refresh (automated),"Medical program: SQ 788 (2018) Confirmed by Wikipedia (revision of Sep 5, 2026)."
marijuana_status,state,OR,recreational,,in_effect,,2026-09-27,NCSL,https://www.ncsl.org/health/state-medical-cannabis-laws,2026-09-02,,Oregon | Oregon Medical Marijuana Act (1998) Oregon Health Authority Public Health Division Chapter 333-008-0010 | adult use: Yes. Measure 91 (2014) Chapter 475 C,,high,etl.laws.refresh (automated),"Adult use: Yes. Measure 91 (2014) Chapter 475 C Confirmed by Wikipedia (revision of Sep 5, 2026)."
marijuana_status,state,PA,medical,,in_effect,,2026-09-27,NCSL,https://www.ncsl.org/health/state-medical-cannabis-laws,2026-09-02,,Pennsylvania | SB 3 (2016) | adult use: (blank),,high,etl.laws.refresh (automated),"Medical program: SB 3 (2016) Confirmed by Wikipedia (revision of Sep 5, 2026)."
marijuana_status,state,RI,recreational,,in_effect,,2026-09-27,NCSL,https://www.ncsl.org/health/state-medical-cannabis-laws,2026-09-02,,Rhode Island | Chapter 28.6 Medical Marijuana Act (2007) | adult use: Yes. Chapter 28.11 Rhode Island Cannabis Act (2022),,high,etl.laws.refresh (automated),"Adult use: Yes. Chapter 28.11 Rhode Island Cannabis Act (2022) Confirmed by Wikipedia (revision of Sep 5, 2026)."
marijuana_status,state,SC,cbd_only,,in_effect,,2026-09-27,NCSL,https://www.ncsl.org/health/state-medical-cannabis-laws,2026-09-02,,"South Carolina | SB 1035 (2014) Medical Cannabis Therapeutic Treatment Act- Julian's Law | Cannabidiol or derivative of marijuana that contains 0.9% THC and over 15% CBD, or at least 98% cannabidiol and not more than 0.9% THC by volume that has been e",,high,etl.laws.refresh (automated),"Low-THC/CBD program only: Cannabidiol or derivative of marijuana that contains 0.9% THC and over 15% CBD, or at least 98% cannabidiol and not more than 0.9% THC by volume that has been e Confirmed by Wikipedia (revision of Sep 5, 2026)."
marijuana_status,state,SD,medical,,in_effect,,2026-09-27,NCSL,https://www.ncsl.org/health/state-medical-cannabis-laws,2026-09-02,,South Dakota | Initiated Measure 26 (2020) | adult use: (blank),,high,etl.laws.refresh (automated),"Medical program: Initiated Measure 26 (2020) Confirmed by Wikipedia (revision of Sep 5, 2026)."
marijuana_status,state,TN,cbd_only,,in_effect,,2026-09-27,NCSL,https://www.ncsl.org/health/state-medical-cannabis-laws,2026-09-02,,"Tennessee | SB 2531 (2014) Creates a four-year study of high CBD/low THC cannabis at Tenn. Tech Univ. HB 197 (2015) SB 280 (2015) Te | ""Cannabis oil"" with less than .9% THC.",,high,etl.laws.refresh (automated),"Low-THC/CBD program only: ""Cannabis oil"" with less than .9% THC. Confirmed by Wikipedia (revision of Sep 5, 2026)."
marijuana_status,state,TX,medical,,in_effect,,2026-09-27,NCSL,https://www.ncsl.org/health/state-medical-cannabis-laws,2026-09-02,,Texas | HB 46 (2025) | adult use: No.,,high,etl.laws.refresh (automated),"Medical program: HB 46 (2025) Confirmed by Wikipedia (revision of Sep 5, 2026)."
marijuana_status,state,UT,medical,,in_effect,,2026-09-27,NCSL,https://www.ncsl.org/health/state-medical-cannabis-laws,2026-09-02,,Utah | Prop 2 (2018) replaced by HB 3001 (2018) Third Special Session Utah Medical Cannabis Code | adult use: (blank),,high,etl.laws.refresh (automated),"Medical program: Prop 2 (2018) replaced by HB 3001 (2018) Third Special Session Utah Medical Cannabis Code Confirmed by Wikipedia (revision of Sep 5, 2026)."
marijuana_status,state,VA,recreational,,in_effect,,2026-09-27,NCSL,https://www.ncsl.org/health/state-medical-cannabis-laws,2026-09-02,,Virginia | H 1460 (2020) H 2218 / S 1333 (2020) | adult use: Yes. HB2312 and SB1406 (2021),,high,etl.laws.refresh (automated),"Adult use: Yes. HB2312 and SB1406 (2021) Confirmed by Wikipedia (revision of Sep 5, 2026)."
marijuana_status,state,VT,recreational,,in_effect,,2026-09-27,NCSL,https://www.ncsl.org/health/state-medical-cannabis-laws,2026-09-02,,Vermont | SB 76 (2004) SB 7 (2007) SB 17 (2011) | adult use: H.511 (2018) S.54 (2020) establishes sales regulations.,,high,etl.laws.refresh (automated),"Adult use: H.511 (2018) S.54 (2020) establishes sales regulations. Confirmed by Wikipedia (revision of Sep 5, 2026)."
marijuana_status,state,WA,recreational,,in_effect,,2026-09-27,NCSL,https://www.ncsl.org/health/state-medical-cannabis-laws,2026-09-02,,Washington | Initiative 692 (1998) SB 5798 (2010) SB 5073 (2011) | adult use: Initiative 502 (2012) WAC Marijuana rules: Chapter 314-55 WAC,,high,etl.laws.refresh (automated),"Adult use: Initiative 502 (2012) WAC Marijuana rules: Chapter 314-55 WAC Confirmed by Wikipedia (revision of Sep 5, 2026)."
marijuana_status,state,WI,cbd_only,,in_effect,,2026-09-27,NCSL,https://www.ncsl.org/health/state-medical-cannabis-laws,2026-09-02,,"Wisconsin | AB 726 (2013) | Exception to the definition of prohibited THC by state law, allows for possession of ""cannabidiol in a form without a psychoactive effect."" THC or CBD levels ar",,high,etl.laws.refresh (automated),"Low-THC/CBD program only: Exception to the definition of prohibited THC by state law, allows for possession of ""cannabidiol in a form without a psychoactive effect."" THC or CBD levels ar Confirmed by Wikipedia (revision of Sep 5, 2026)."
marijuana_status,state,WV,medical,,in_effect,,2026-09-27,NCSL,https://www.ncsl.org/health/state-medical-cannabis-laws,2026-09-02,,West Virginia | SB 386 (2017) | adult use: (blank),,high,etl.laws.refresh (automated),"Medical program: SB 386 (2017) Confirmed by Wikipedia (revision of Sep 5, 2026)."
marijuana_status,state,WY,cbd_only,,in_effect,,2026-09-27,NCSL,https://www.ncsl.org/health/state-medical-cannabis-laws,2026-09-02,,"Wyoming | HB 32 (2015) | Supervised medical use of ""hemp extracts"" with less than 0.3% THC and at least 5% CBD by weight.",,high,etl.laws.refresh (automated),"Low-THC/CBD program only: Supervised medical use of ""hemp extracts"" with less than 0.3% THC and at least 5% CBD by weight. Confirmed by Wikipedia (revision of Sep 5, 2026)."
minimum_wage,state,AK,14.00,14,in_effect,,2026-09-27,NCSL,https://www.ncsl.org/labor-and-employment/state-minimum-wages,2026-07-01,,"NCSL State Minimum Wages (updated July 1, 2026): Alaska | $14.00 | future: $15 eff. 7-1-27 | Indexed annual increases began Jan. 1, 2017 and will resume July 1, 2028. (2014 ballot measure, 2024 ballot measure)",,high,etl.laws.refresh (automated),"Scheduled: $15.00 on Jul 1, 2027. Indexed annual increases began Jan. 1, 2017 and will resume July 1, 2028. Confirmed by Wikipedia (revision of Sep 25, 2026)."
minimum_wage,state,AL,7.25,7.25,in_effect,,2026-09-27,NCSL,https://www.ncsl.org/labor-and-employment/state-minimum-wages,2026-07-01,,"NCSL State Minimum Wages (updated July 1, 2026): Alabama | $7.25 | No state minimum wage law. Defaults to the Federal Fair Labor Standards Act minimum wage.",,high,etl.laws.refresh (automated),"No state minimum wage law. Confirmed by Wikipedia (revision of Sep 25, 2026)."
minimum_wage,state,AR,11.00,11,in_effect,,2026-09-27,NCSL,https://www.ncsl.org/labor-and-employment/state-minimum-wages,2026-07-01,,"NCSL State Minimum Wages (updated July 1, 2026): Arkansas | $11.00 | Indexed annual increases began Jan. 1, 2023. (2016 legislation)",,high,etl.laws.refresh (automated),"Indexed annual increases began Jan. 1, 2023. Confirmed by Wikipedia (revision of Sep 25, 2026)."
minimum_wage,state,AZ,15.15,15.15,in_effect,,2026-09-27,NCSL,https://www.ncsl.org/labor-and-employment/state-minimum-wages,2026-07-01,,"NCSL State Minimum Wages (updated July 1, 2026): Arizona | $15.15 | Indexed annual increases began Jan. 2021. (2016 ballot measure)",,high,etl.laws.refresh (automated),"Indexed annual increases began Jan. 2021. Confirmed by Wikipedia (revision of Sep 25, 2026)."
minimum_wage,state,CA,16.90,16.9,in_effect,,2026-09-27,NCSL,https://www.ncsl.org/labor-and-employment/state-minimum-wages,2026-07-01,,"NCSL State Minimum Wages (updated July 1, 2026): California | $16.90 | Indexed annual increases began Jan. 1, 2023. (2016 legislation)",,high,etl.laws.refresh (automated),"Indexed annual increases began Jan. 1, 2023. Confirmed by Wikipedia (revision of Sep 25, 2026)."
minimum_wage,state,CO,15.16,15.16,in_effect,,2026-09-27,NCSL,https://www.ncsl.org/labor-and-employment/state-minimum-wages,2026-07-01,,"NCSL State Minimum Wages (updated July 1, 2026): Colorado | $15.16 | Indexed annual increases began Jan. 1, 2021. (2016 ballot measure)",,high,etl.laws.refresh (automated),"Indexed annual increases began Jan. 1, 2021. Confirmed by Wikipedia (revision of Sep 25, 2026)."
minimum_wage,state,CT,16.94,16.94,in_effect,,2026-09-27,NCSL,https://www.ncsl.org/labor-and-employment/state-minimum-wages,2026-07-01,,"NCSL State Minimum Wages (updated July 1, 2026): Connecticut | $16.94 | The Connecticut minimum wage rate automatically increases to 1/2 of 1 percent above the rate set in the Fair Labor Standards Act if the Federal minimum wage rate equals or becomes higher than the Stat",,high,etl.laws.refresh (automated),"The Connecticut minimum wage rate automatically increases to 1/2 of 1 percent above the rate set in the Fair Labor Standards Act if the Federal minimum wage rate equals or becomes higher than the State minimum. Confirmed by Wikipedia (revision of Sep 25, 2026)."
minimum_wage,state,DC,18.40,18.4,in_effect,,2026-09-27,NCSL,https://www.ncsl.org/labor-and-employment/state-minimum-wages,2026-07-01,,"NCSL State Minimum Wages (updated July 1, 2026): District of Columbia | $18.40 | future: $17.95 | Indexed annual increases began July 1, 2021. (2016 ballot measure)",,medium,etl.laws.refresh (automated),"Indexed annual increases began July 1, 2021. Not in Wikipedia's state table; NCSL only."
minimum_wage,state,DE,15.00,15,in_effect,,2026-09-27,NCSL,https://www.ncsl.org/labor-and-employment/state-minimum-wages,2026-07-01,,"NCSL State Minimum Wages (updated July 1, 2026): Delaware | $15.00",,high,etl.laws.refresh (automated),"Confirmed by Wikipedia (revision of Sep 25, 2026)."
minimum_wage,state,FL,14.00,14,in_effect,,2026-09-27,NCSL,https://www.ncsl.org/labor-and-employment/state-minimum-wages,2026-07-01,,"NCSL State Minimum Wages (updated July 1, 2026): Florida | $14.00 | future: $15 eff. 9-30-26 | Indexed annual increases will resume Sept. 30, 2028. (Constitutional amendment 2004)",,high,etl.laws.refresh (automated),"Scheduled: $15.00 on Sep 30, 2026. Indexed annual increases will resume Sept. 30, 2028. Confirmed by Wikipedia (revision of Sep 25, 2026)."
minimum_wage,state,GA,7.25,7.25,in_effect,,2026-09-27,NCSL,https://www.ncsl.org/labor-and-employment/state-minimum-wages,2026-07-01,,"NCSL State Minimum Wages (updated July 1, 2026): Georgia | $7.25 | The state minimum wage is $5.15, but generally defaults to the Federal Fair Labor Standards Act since it is higher.",,high,etl.laws.refresh (automated),"The state minimum wage is $5.15, but generally defaults to the Federal Fair Labor Standards Act since it is higher. Confirmed by Wikipedia (revision of Sep 25, 2026)."
minimum_wage,state,HI,16.00,16,in_effect,,2026-09-27,NCSL,https://www.ncsl.org/labor-and-employment/state-minimum-wages,2026-07-01,,"NCSL State Minimum Wages (updated July 1, 2026): Hawaii | $16.00 | future: $18 eff. 1-1-28",,high,etl.laws.refresh (automated),"Scheduled: $18.00 on Jan 1, 2028. Confirmed by Wikipedia (revision of Sep 25, 2026)."
minimum_wage,state,IA,7.25,7.25,in_effect,,2026-09-27,NCSL,https://www.ncsl.org/labor-and-employment/state-minimum-wages,2026-07-01,,"NCSL State Minimum Wages (updated July 1, 2026): Iowa | $7.25",,high,etl.laws.refresh (automated),"Confirmed by Wikipedia (revision of Sep 25, 2026)."
minimum_wage,state,ID,7.25,7.25,in_effect,,2026-09-27,NCSL,https://www.ncsl.org/labor-and-employment/state-minimum-wages,2026-07-01,,"NCSL State Minimum Wages (updated July 1, 2026): Idaho | $7.25",,high,etl.laws.refresh (automated),"Confirmed by Wikipedia (revision of Sep 25, 2026)."
minimum_wage,state,IL,15.00,15,in_effect,,2026-09-27,NCSL,https://www.ncsl.org/labor-and-employment/state-minimum-wages,2026-07-01,,"NCSL State Minimum Wages (updated July 1, 2026): Illinois | $15.00",,high,etl.laws.refresh (automated),"Confirmed by Wikipedia (revision of Sep 25, 2026)."
minimum_wage,state,IN,7.25,7.25,in_effect,,2026-09-27,NCSL,https://www.ncsl.org/labor-and-employment/state-minimum-wages,2026-07-01,,"NCSL State Minimum Wages (updated July 1, 2026): Indiana | $7.25",,high,etl.laws.refresh (automated),"Confirmed by Wikipedia (revision of Sep 25, 2026)."
minimum_wage,state,KS,7.25,7.25,in_effect,,2026-09-27,NCSL,https://www.ncsl.org/labor-and-employment/state-minimum-wages,2026-07-01,,"NCSL State Minimum Wages (updated July 1, 2026): Kansas | $7.25",,high,etl.laws.refresh (automated),"Confirmed by Wikipedia (revision of Sep 25, 2026)."
minimum_wage,state,KY,7.25,7.25,in_effect,,2026-09-27,NCSL,https://www.ncsl.org/labor-and-employment/state-minimum-wages,2026-07-01,,"NCSL State Minimum Wages (updated July 1, 2026): Kentucky | $7.25",,high,etl.laws.refresh (automated),"Confirmed by Wikipedia (revision of Sep 25, 2026)."
minimum_wage,state,LA,7.25,7.25,in_effect,,2026-09-27,NCSL,https://www.ncsl.org/labor-and-employment/state-minimum-wages,2026-07-01,,"NCSL State Minimum Wages (updated July 1, 2026): Louisiana | $7.25 | No state minimum wage law. Defaults to the Federal Fair Labor Standards Act minimum wage.",,high,etl.laws.refresh (automated),"No state minimum wage law. Confirmed by Wikipedia (revision of Sep 25, 2026)."
minimum_wage,state,MA,15.00,15,in_effect,,2026-09-27,NCSL,https://www.ncsl.org/labor-and-employment/state-minimum-wages,2026-07-01,,"NCSL State Minimum Wages (updated July 1, 2026): Massachusetts | $15.00 | The minimum wage rate automatically increases to 50 cents above the rate set in the Fair Labor Standards Act if the Federal minimum wage equals or becomes higher than the State minimum.",,high,etl.laws.refresh (automated),"The minimum wage rate automatically increases to 50 cents above the rate set in the Fair Labor Standards Act if the Federal minimum wage equals or becomes higher than the State minimum. Confirmed by Wikipedia (revision of Sep 25, 2026)."
minimum_wage,state,MD,15.00,15,in_effect,,2026-09-27,NCSL,https://www.ncsl.org/labor-and-employment/state-minimum-wages,2026-07-01,,"NCSL State Minimum Wages (updated July 1, 2026): Maryland | $15.00",,high,etl.laws.refresh (automated),"Confirmed by Wikipedia (revision of Sep 25, 2026)."
minimum_wage,state,ME,15.10,15.1,in_effect,,2026-09-27,NCSL,https://www.ncsl.org/labor-and-employment/state-minimum-wages,2026-07-01,,"NCSL State Minimum Wages (updated July 1, 2026): Maine | $15.10 | Indexed annual increases began Jan 1, 2021. (2016 ballot measure)",,high,etl.laws.refresh (automated),"Indexed annual increases began Jan 1, 2021. Confirmed by Wikipedia (revision of Sep 25, 2026)."
minimum_wage,state,MI,13.73,13.73,in_effect,,2026-09-27,NCSL,https://www.ncsl.org/labor-and-employment/state-minimum-wages,2026-07-01,,"NCSL State Minimum Wages (updated July 1, 2026): Michigan | $13.73 | future: $12.48 eff. 2-21-2025 $13.29 eff. 2-21-2026 $14.16 eff. 2-21-2027 $14.97 eff. 2-21-2028",,high,etl.laws.refresh (automated),"Scheduled: $14.16 on Feb 21, 2027; $14.97 on Feb 21, 2028. Confirmed by Wikipedia (revision of Sep 25, 2026)."
minimum_wage,state,MN,11.41,11.41,in_effect,,2026-09-27,NCSL,https://www.ncsl.org/labor-and-employment/state-minimum-wages,2026-07-01,,"NCSL State Minimum Wages (updated July 1, 2026): Minnesota | $11.41 | Minnesota law allows employers to pay a 90-day training wage for employees under the age of 20. The current hourly training wage is $8.85. After 90 days, employers must pay employees, regardless of ag",,high,etl.laws.refresh (automated),"Minnesota law allows employers to pay a 90-day training wage for employees under the age of 20. Confirmed by Wikipedia (revision of Sep 25, 2026)."
minimum_wage,state,MO,15.00,15,in_effect,,2026-09-27,NCSL,https://www.ncsl.org/labor-and-employment/state-minimum-wages,2026-07-01,,"NCSL State Minimum Wages (updated July 1, 2026): Missouri | $15.00 | In addition to the exemption for federally covered employment, the law exempts, among others, employees of a retail or service business with gross annual sales or business done of less than $500,000. ",,high,etl.laws.refresh (automated),"In addition to the exemption for federally covered employment, the law exempts, among others, employees of a retail or service business with gross annual sales or business done of less than $500,000. Confirmed by Wikipedia (revision of Sep 25, 2026)."
minimum_wage,state,MS,7.25,7.25,in_effect,,2026-09-27,NCSL,https://www.ncsl.org/labor-and-employment/state-minimum-wages,2026-07-01,,"NCSL State Minimum Wages (updated July 1, 2026): Mississippi | $7.25 | No state minimum wage law. Defaults to the Federal Fair Labor Standards Act minimum wage.",,high,etl.laws.refresh (automated),"No state minimum wage law. Confirmed by Wikipedia (revision of Sep 25, 2026)."
minimum_wage,state,MT,10.85,10.85,in_effect,,2026-09-27,NCSL,https://www.ncsl.org/labor-and-employment/state-minimum-wages,2026-07-01,,"NCSL State Minimum Wages (updated July 1, 2026): Montana | $10.85 | There are exclusions to the states minimum wage law, including students in work-based learning programs and persons with disabilities who are unable to engage in competitive employment. Employers with",,high,etl.laws.refresh (automated),"There are exclusions to the states minimum wage law, including students in work-based learning programs and persons with disabilities who are unable to engage in competitive employment. Confirmed by Wikipedia (revision of Sep 25, 2026)."
minimum_wage,state,NC,7.25,7.25,in_effect,,2026-09-27,NCSL,https://www.ncsl.org/labor-and-employment/state-minimum-wages,2026-07-01,,"NCSL State Minimum Wages (updated July 1, 2026): North Carolina | $7.25",,high,etl.laws.refresh (automated),"Confirmed by Wikipedia (revision of Sep 25, 2026)."
minimum_wage,state,ND,7.25,7.25,in_effect,,2026-09-27,NCSL,https://www.ncsl.org/labor-and-employment/state-minimum-wages,2026-07-01,,"NCSL State Minimum Wages (updated July 1, 2026): North Dakota | $7.25",,high,etl.laws.refresh (automated),"Confirmed by Wikipedia (revision of Sep 25, 2026)."
minimum_wage,state,NE,15.00,15,in_effect,,2026-09-27,NCSL,https://www.ncsl.org/labor-and-employment/state-minimum-wages,2026-07-01,,"NCSL State Minimum Wages (updated July 1, 2026): Nebraska | $15.00 | future: $15 eff. 1-1-26 | Indexed annual increase begin Jan. 1, 2027 (2024 ballot measure)",,high,etl.laws.refresh (automated),"Indexed annual increase begin Jan. 1, 2027 (2024 ballot measure) Confirmed by Wikipedia (revision of Sep 25, 2026)."
minimum_wage,state,NH,7.25,7.25,in_effect,,2026-09-27,NCSL,https://www.ncsl.org/labor-and-employment/state-minimum-wages,2026-07-01,,"NCSL State Minimum Wages (updated July 1, 2026): New Hampshire | $7.25",,high,etl.laws.refresh (automated),"Confirmed by Wikipedia (revision of Sep 25, 2026)."
minimum_wage,state,NJ,15.92,15.92,in_effect,,2026-09-27,NCSL,https://www.ncsl.org/labor-and-employment/state-minimum-wages,2026-07-01,,"NCSL State Minimum Wages (updated July 1, 2026): New Jersey | $15.92 | For small employers (six employees or fewer), the schedule of increases is as follows: $13.50 eff. 1-1-24; $14.30 eff. 1-1-25; $15.00 eff. 1-1-26. By 2028, the small employer minimum wage will be the ",,high,etl.laws.refresh (automated),"For small employers (six employees or fewer), the schedule of increases is as follows: $13.50 eff. 1-1-24; $14.30 eff. 1-1-25; $15.00 eff. 1-1-26. Confirmed by Wikipedia (revision of Sep 25, 2026)."
minimum_wage,state,NM,12.00,12,in_effect,,2026-09-27,NCSL,https://www.ncsl.org/labor-and-employment/state-minimum-wages,2026-07-01,,"NCSL State Minimum Wages (updated July 1, 2026): New Mexico | $12.00",,high,etl.laws.refresh (automated),"Confirmed by Wikipedia (revision of Sep 25, 2026)."
minimum_wage,state,NV,12.00,12,in_effect,,2026-09-27,NCSL,https://www.ncsl.org/labor-and-employment/state-minimum-wages,2026-07-01,,"NCSL State Minimum Wages (updated July 1, 2026): Nevada | $12.00 | Removed indexed annual increases in 2022. (2022 ballot measure)",,high,etl.laws.refresh (automated),"Removed indexed annual increases in 2022. Confirmed by Wikipedia (revision of Sep 25, 2026)."
minimum_wage,state,NY,16.00,16,in_effect,,2026-09-27,NCSL,https://www.ncsl.org/labor-and-employment/state-minimum-wages,2026-07-01,,"NCSL State Minimum Wages (updated July 1, 2026): New York | $16.00/17.00 | The minimum wage varies across the state based on geographical location. Location Minimum Wage as of 1/1/2024 Minimum Wage as of 1/1/2025 Minimum Wage as of 1/1/2026 New York City $16.00 $16.50 $17.00",,high,etl.laws.refresh (automated),"Varies by region ($16.00–$17.00). The minimum wage varies across the state based on geographical location. Confirmed by Wikipedia (revision of Sep 25, 2026)."
minimum_wage,state,OH,11.00,11,in_effect,,2026-09-27,NCSL,https://www.ncsl.org/labor-and-employment/state-minimum-wages,2026-07-01,,"NCSL State Minimum Wages (updated July 1, 2026): Ohio | $11.00 | Employers with annuals receipts less than $250,000 annually may pay employees $7.25 an hour. Indexed annual increases began Jan 1, 2007. (Constitutional amendment 2006)",,high,etl.laws.refresh (automated),"Employers with annuals receipts less than $250,000 annually may pay employees $7.25 an hour. Confirmed by Wikipedia (revision of Sep 25, 2026)."
minimum_wage,state,OK,7.25,7.25,in_effect,,2026-09-27,NCSL,https://www.ncsl.org/labor-and-employment/state-minimum-wages,2026-07-01,,"NCSL State Minimum Wages (updated July 1, 2026): Oklahoma | $7.25 | The state minimum wage is $2.00, but generally defaults to the Fair Labor Standards Act since it is higher.",,high,etl.laws.refresh (automated),"The state minimum wage is $2.00, but generally defaults to the Fair Labor Standards Act since it is higher. Confirmed by Wikipedia (revision of Sep 25, 2026)."
minimum_wage,state,OR,15.55,15.55,in_effect,,2026-09-27,NCSL,https://www.ncsl.org/labor-and-employment/state-minimum-wages,2026-07-01,,"NCSL State Minimum Wages (updated July 1, 2026): Oregon | $15.55 | future: $15.05 | The state has a standard minimum wage but requires employers in the urban growth boundary to pay $1.25 above the standard minimum wage and allows employer in nonurban counties to pay $1 less than the ",,high,etl.laws.refresh (automated),"The state has a standard minimum wage but requires employers in the urban growth boundary to pay $1.25 above the standard minimum wage and allows employer in nonurban counties to pay $1 less than the standard minimum wage. Confirmed by Wikipedia (revision of Sep 25, 2026)."
minimum_wage,state,PA,7.25,7.25,in_effect,,2026-09-27,NCSL,https://www.ncsl.org/labor-and-employment/state-minimum-wages,2026-07-01,,"NCSL State Minimum Wages (updated July 1, 2026): Pennsylvania | $7.25",,high,etl.laws.refresh (automated),"Confirmed by Wikipedia (revision of Sep 25, 2026)."
minimum_wage,state,RI,,,unknown,,2026-09-27,,,,,,,unverified,etl.laws.refresh (automated),"RI: NCSL lists $15.00, Wikipedia (revision of Sep 25, 2026) lists $16.00 — sources disagree, left blank. https://en.wikipedia.org/w/index.php?title=Minimum_wage_in_the_United_States&oldid=1376720156"
minimum_wage,state,SC,7.25,7.25,in_effect,,2026-09-27,NCSL,https://www.ncsl.org/labor-and-employment/state-minimum-wages,2026-07-01,,"NCSL State Minimum Wages (updated July 1, 2026): South Carolina | $7.25 | No state minimum wage law. Defaults to the Federal Fair Labor Standards Act minimum wage.",,high,etl.laws.refresh (automated),"No state minimum wage law. Confirmed by Wikipedia (revision of Sep 25, 2026)."
minimum_wage,state,SD,11.85,11.85,in_effect,,2026-09-27,NCSL,https://www.ncsl.org/labor-and-employment/state-minimum-wages,2026-07-01,,"NCSL State Minimum Wages (updated July 1, 2026): South Dakota | $11.85 | Indexed annual increases began Jan 1, 2016",,high,etl.laws.refresh (automated),"Indexed annual increases began Jan 1, 2016 Confirmed by Wikipedia (revision of Sep 25, 2026)."
minimum_wage,state,TN,7.25,7.25,in_effect,,2026-09-27,NCSL,https://www.ncsl.org/labor-and-employment/state-minimum-wages,2026-07-01,,"NCSL State Minimum Wages (updated July 1, 2026): Tennessee | $7.25 | No state minimum wage law. Defaults to the Federal Fair Labor Standards Act minimum wage.",,high,etl.laws.refresh (automated),"No state minimum wage law. Confirmed by Wikipedia (revision of Sep 25, 2026)."
minimum_wage,state,TX,7.25,7.25,in_effect,,2026-09-27,NCSL,https://www.ncsl.org/labor-and-employment/state-minimum-wages,2026-07-01,,"NCSL State Minimum Wages (updated July 1, 2026): Texas | $7.25",,high,etl.laws.refresh (automated),"Confirmed by Wikipedia (revision of Sep 25, 2026)."
minimum_wage,state,UT,7.25,7.25,in_effect,,2026-09-27,NCSL,https://www.ncsl.org/labor-and-employment/state-minimum-wages,2026-07-01,,"NCSL State Minimum Wages (updated July 1, 2026): Utah | $7.25",,high,etl.laws.refresh (automated),"Confirmed by Wikipedia (revision of Sep 25, 2026)."
minimum_wage,state,VA,12.77,12.77,in_effect,,2026-09-27,NCSL,https://www.ncsl.org/labor-and-employment/state-minimum-wages,2026-07-01,,"NCSL State Minimum Wages (updated July 1, 2026): Virginia | $12.77 | Indexed annual increases will begin Oct. 1, 2026. (2020 legislation)",,high,etl.laws.refresh (automated),"Indexed annual increases will begin Oct. 1, 2026. Confirmed by Wikipedia (revision of Sep 25, 2026)."
minimum_wage,state,VT,14.42,14.42,in_effect,,2026-09-27,NCSL,https://www.ncsl.org/labor-and-employment/state-minimum-wages,2026-07-01,,"NCSL State Minimum Wages (updated July 1, 2026): Vermont | $14.42 | Indexed annual increases resumed Jan. 1, 2019. (2014 legislation)",,high,etl.laws.refresh (automated),"Indexed annual increases resumed Jan. 1, 2019. Confirmed by Wikipedia (revision of Sep 25, 2026)."
minimum_wage,state,WA,17.13,17.13,in_effect,,2026-09-27,NCSL,https://www.ncsl.org/labor-and-employment/state-minimum-wages,2026-07-01,,"NCSL State Minimum Wages (updated July 1, 2026): Washington | $17.13 | Annual indexed increases began Jan. 1, 2020. (2016 ballot measure)",,high,etl.laws.refresh (automated),"Annual indexed increases began Jan. 1, 2020. Confirmed by Wikipedia (revision of Sep 25, 2026)."
minimum_wage,state,WI,7.25,7.25,in_effect,,2026-09-27,NCSL,https://www.ncsl.org/labor-and-employment/state-minimum-wages,2026-07-01,,"NCSL State Minimum Wages (updated July 1, 2026): Wisconsin | $7.25",,high,etl.laws.refresh (automated),"Confirmed by Wikipedia (revision of Sep 25, 2026)."
minimum_wage,state,WV,8.75,8.75,in_effect,,2026-09-27,NCSL,https://www.ncsl.org/labor-and-employment/state-minimum-wages,2026-07-01,,"NCSL State Minimum Wages (updated July 1, 2026): West Virginia | $8.75",,high,etl.laws.refresh (automated),"Confirmed by Wikipedia (revision of Sep 25, 2026)."
minimum_wage,state,WY,7.25,7.25,in_effect,,2026-09-27,NCSL,https://www.ncsl.org/labor-and-employment/state-minimum-wages,2026-07-01,,"NCSL State Minimum Wages (updated July 1, 2026): Wyoming | $7.25 | State minimum wage law is $5.15, but generally defaults to the Federal Fair Labor Standards Act since it is higher.",,high,etl.laws.refresh (automated),"State minimum wage law is $5.15, but generally defaults to the Federal Fair Labor Standards Act since it is higher. Confirmed by Wikipedia (revision of Sep 25, 2026)."
permitless_carry,state,AK,true,,in_effect,,2026-09-27,Giffords Law Center,https://giffords.org/lawcenter/gun-laws/policy-areas/guns-in-public/concealed-carry/,2025-09-22,,"Giffords, 'States That Do Not Require CCW Permit': Alaska",,high,etl.laws.refresh (automated),"Confirmed by Wikipedia's constitutional carry table (revision of Jul 27, 2026: https://en.wikipedia.org/w/index.php?title=Constitutional_carry&oldid=1366361234). Minimum age per Wikipedia: open carry 16, concealed 21."
permitless_carry,state,AL,true,,in_effect,,2026-09-27,Giffords Law Center,https://giffords.org/lawcenter/gun-laws/policy-areas/guns-in-public/concealed-carry/,2025-09-22,,"Giffords, 'States That Do Not Require CCW Permit': Alabama (Effective Jan. 1, 2023)",,high,etl.laws.refresh (automated),"Confirmed by Wikipedia's constitutional carry table (revision of Jul 27, 2026: https://en.wikipedia.org/w/index.php?title=Constitutional_carry&oldid=1366361234). Minimum age per Wikipedia: open carry 18, concealed 19**."
permitless_carry,state,AR,true,,in_effect,,2026-09-27,Giffords Law Center,https://giffords.org/lawcenter/gun-laws/policy-areas/guns-in-public/concealed-carry/,2025-09-22,,"Giffords, 'States That Do Not Require CCW Permit': Arkansas (effective approximately August 29, 2021)",,high,etl.laws.refresh (automated),"Confirmed by Wikipedia's constitutional carry table (revision of Jul 27, 2026: https://en.wikipedia.org/w/index.php?title=Constitutional_carry&oldid=1366361234). Minimum age per Wikipedia: open carry 18, concealed 18."
permitless_carry,state,AZ,true,,in_effect,,2026-09-27,Giffords Law Center,https://giffords.org/lawcenter/gun-laws/policy-areas/guns-in-public/concealed-carry/,2025-09-22,,"Giffords, 'States That Do Not Require CCW Permit': Arizona",,high,etl.laws.refresh (automated),"Confirmed by Wikipedia's constitutional carry table (revision of Jul 27, 2026: https://en.wikipedia.org/w/index.php?title=Constitutional_carry&oldid=1366361234). Minimum age per Wikipedia: open carry 18, concealed 21."
permitless_carry,state,CA,false,,in_effect,,2026-09-27,Giffords Law Center,https://giffords.org/lawcenter/gun-laws/policy-areas/guns-in-public/concealed-carry/,2025-09-22,,CA is not in Giffords' list of states that do not require a CCW permit,,high,etl.laws.refresh (automated),"Confirmed by Wikipedia's constitutional carry table (revision of Jul 27, 2026: https://en.wikipedia.org/w/index.php?title=Constitutional_carry&oldid=1366361234)."
permitless_carry,state,CO,false,,in_effect,,2026-09-27,Giffords Law Center,https://giffords.org/lawcenter/gun-laws/policy-areas/guns-in-public/concealed-carry/,2025-09-22,,CO is not in Giffords' list of states that do not require a CCW permit,,high,etl.laws.refresh (automated),"Confirmed by Wikipedia's constitutional carry table (revision of Jul 27, 2026: https://en.wikipedia.org/w/index.php?title=Constitutional_carry&oldid=1366361234)."
permitless_carry,state,CT,false,,in_effect,,2026-09-27,Giffords Law Center,https://giffords.org/lawcenter/gun-laws/policy-areas/guns-in-public/concealed-carry/,2025-09-22,,CT is not in Giffords' list of states that do not require a CCW permit,,high,etl.laws.refresh (automated),"Confirmed by Wikipedia's constitutional carry table (revision of Jul 27, 2026: https://en.wikipedia.org/w/index.php?title=Constitutional_carry&oldid=1366361234)."
permitless_carry,state,DC,false,,in_effect,,2026-09-27,Giffords Law Center,https://giffords.org/lawcenter/gun-laws/policy-areas/guns-in-public/concealed-carry/,2025-09-22,,DC is not in Giffords' list of states that do not require a CCW permit,,high,etl.laws.refresh (automated),"Confirmed by Wikipedia's constitutional carry table (revision of Jul 27, 2026: https://en.wikipedia.org/w/index.php?title=Constitutional_carry&oldid=1366361234)."
permitless_carry,state,DE,false,,in_effect,,2026-09-27,Giffords Law Center,https://giffords.org/lawcenter/gun-laws/policy-areas/guns-in-public/concealed-carry/,2025-09-22,,DE is not in Giffords' list of states that do not require a CCW permit,,high,etl.laws.refresh (automated),"Confirmed by Wikipedia's constitutional carry table (revision of Jul 27, 2026: https://en.wikipedia.org/w/index.php?title=Constitutional_carry&oldid=1366361234)."
permitless_carry,state,FL,true,,in_effect,,2026-09-27,Giffords Law Center,https://giffords.org/lawcenter/gun-laws/policy-areas/guns-in-public/concealed-carry/,2025-09-22,,"Giffords, 'States That Do Not Require CCW Permit': Florida (effective July 1, 2023)",,high,etl.laws.refresh (automated),"Confirmed by Wikipedia's constitutional carry table (revision of Jul 27, 2026: https://en.wikipedia.org/w/index.php?title=Constitutional_carry&oldid=1366361234). Minimum age per Wikipedia: open carry 18*, concealed 18***."
permitless_carry,state,GA,true,,in_effect,,2026-09-27,Giffords Law Center,https://giffords.org/lawcenter/gun-laws/policy-areas/guns-in-public/concealed-carry/,2025-09-22,,"Giffords, 'States That Do Not Require CCW Permit': Georgia",,high,etl.laws.refresh (automated),"Confirmed by Wikipedia's constitutional carry table (revision of Jul 27, 2026: https://en.wikipedia.org/w/index.php?title=Constitutional_carry&oldid=1366361234). Minimum age per Wikipedia: open carry 21**, concealed 21**."
permitless_carry,state,HI,false,,in_effect,,2026-09-27,Giffords Law Center,https://giffords.org/lawcenter/gun-laws/policy-areas/guns-in-public/concealed-carry/,2025-09-22,,HI is not in Giffords' list of states that do not require a CCW permit,,high,etl.laws.refresh (automated),"Confirmed by Wikipedia's constitutional carry table (revision of Jul 27, 2026: https://en.wikipedia.org/w/index.php?title=Constitutional_carry&oldid=1366361234)."
permitless_carry,state,IA,true,,in_effect,,2026-09-27,Giffords Law Center,https://giffords.org/lawcenter/gun-laws/policy-areas/guns-in-public/concealed-carry/,2025-09-22,,"Giffords, 'States That Do Not Require CCW Permit': Iowa (effective July 1, 2021)",,high,etl.laws.refresh (automated),"Confirmed by Wikipedia's constitutional carry table (revision of Jul 27, 2026: https://en.wikipedia.org/w/index.php?title=Constitutional_carry&oldid=1366361234). Minimum age per Wikipedia: open carry 18, concealed 18."
permitless_carry,state,ID,true,,in_effect,,2026-09-27,Giffords Law Center,https://giffords.org/lawcenter/gun-laws/policy-areas/guns-in-public/concealed-carry/,2025-09-22,,"Giffords, 'States That Do Not Require CCW Permit': Idaho",,high,etl.laws.refresh (automated),"Confirmed by Wikipedia's constitutional carry table (revision of Jul 27, 2026: https://en.wikipedia.org/w/index.php?title=Constitutional_carry&oldid=1366361234). Minimum age per Wikipedia: open carry 18, concealed 18."
permitless_carry,state,IL,false,,in_effect,,2026-09-27,Giffords Law Center,https://giffords.org/lawcenter/gun-laws/policy-areas/guns-in-public/concealed-carry/,2025-09-22,,IL is not in Giffords' list of states that do not require a CCW permit,,high,etl.laws.refresh (automated),"Confirmed by Wikipedia's constitutional carry table (revision of Jul 27, 2026: https://en.wikipedia.org/w/index.php?title=Constitutional_carry&oldid=1366361234)."
permitless_carry,state,IN,true,,in_effect,,2026-09-27,Giffords Law Center,https://giffords.org/lawcenter/gun-laws/policy-areas/guns-in-public/concealed-carry/,2025-09-22,,"Giffords, 'States That Do Not Require CCW Permit': Indiana (effective July, 1, 2022)",,high,etl.laws.refresh (automated),"Confirmed by Wikipedia's constitutional carry table (revision of Jul 27, 2026: https://en.wikipedia.org/w/index.php?title=Constitutional_carry&oldid=1366361234). Minimum age per Wikipedia: open carry 18, concealed 18."
permitless_carry,state,KS,true,,in_effect,,2026-09-27,Giffords Law Center,https://giffords.org/lawcenter/gun-laws/policy-areas/guns-in-public/concealed-carry/,2025-09-22,,"Giffords, 'States That Do Not Require CCW Permit': Kansas",,high,etl.laws.refresh (automated),"Confirmed by Wikipedia's constitutional carry table (revision of Jul 27, 2026: https://en.wikipedia.org/w/index.php?title=Constitutional_carry&oldid=1366361234). Minimum age per Wikipedia: open carry 18, concealed 21**."
permitless_carry,state,KY,true,,in_effect,,2026-09-27,Giffords Law Center,https://giffords.org/lawcenter/gun-laws/policy-areas/guns-in-public/concealed-carry/,2025-09-22,,"Giffords, 'States That Do Not Require CCW Permit': Kentucky",,high,etl.laws.refresh (automated),"Confirmed by Wikipedia's constitutional carry table (revision of Jul 27, 2026: https://en.wikipedia.org/w/index.php?title=Constitutional_carry&oldid=1366361234). Minimum age per Wikipedia: open carry 18, concealed 21."
permitless_carry,state,LA,true,,in_effect,,2026-09-27,Giffords Law Center,https://giffords.org/lawcenter/gun-laws/policy-areas/guns-in-public/concealed-carry/,2025-09-22,,"Giffords, 'States That Do Not Require CCW Permit': Louisiana (effective July 4, 2024)",,high,etl.laws.refresh (automated),"Confirmed by Wikipedia's constitutional carry table (revision of Jul 27, 2026: https://en.wikipedia.org/w/index.php?title=Constitutional_carry&oldid=1366361234). Minimum age per Wikipedia: open carry 17, concealed 18."
permitless_carry,state,MA,false,,in_effect,,2026-09-27,Giffords Law Center,https://giffords.org/lawcenter/gun-laws/policy-areas/guns-in-public/concealed-carry/,2025-09-22,,MA is not in Giffords' list of states that do not require a CCW permit,,high,etl.laws.refresh (automated),"Confirmed by Wikipedia's constitutional carry table (revision of Jul 27, 2026: https://en.wikipedia.org/w/index.php?title=Constitutional_carry&oldid=1366361234)."
permitless_carry,state,MD,false,,in_effect,,2026-09-27,Giffords Law Center,https://giffords.org/lawcenter/gun-laws/policy-areas/guns-in-public/concealed-carry/,2025-09-22,,MD is not in Giffords' list of states that do not require a CCW permit,,high,etl.laws.refresh (automated),"Confirmed by Wikipedia's constitutional carry table (revision of Jul 27, 2026: https://en.wikipedia.org/w/index.php?title=Constitutional_carry&oldid=1366361234)."
permitless_carry,state,ME,true,,in_effect,,2026-09-27,Giffords Law Center,https://giffords.org/lawcenter/gun-laws/policy-areas/guns-in-public/concealed-carry/,2025-09-22,,"Giffords, 'States That Do Not Require CCW Permit': Maine",,high,etl.laws.refresh (automated),"Confirmed by Wikipedia's constitutional carry table (revision of Jul 27, 2026: https://en.wikipedia.org/w/index.php?title=Constitutional_carry&oldid=1366361234). Minimum age per Wikipedia: open carry 18*, concealed 21**."
permitless_carry,state,MI,false,,in_effect,,2026-09-27,Giffords Law Center,https://giffords.org/lawcenter/gun-laws/policy-areas/guns-in-public/concealed-carry/,2025-09-22,,MI is not in Giffords' list of states that do not require a CCW permit,,high,etl.laws.refresh (automated),"Confirmed by Wikipedia's constitutional carry table (revision of Jul 27, 2026: https://en.wikipedia.org/w/index.php?title=Constitutional_carry&oldid=1366361234)."
permitless_carry,state,MN,false,,in_effect,,2026-09-27,Giffords Law Center,https://giffords.org/lawcenter/gun-laws/policy-areas/guns-in-public/concealed-carry/,2025-09-22,,MN is not in Giffords' list of states that do not require a CCW permit,,high,etl.laws.refresh (automated),"Confirmed by Wikipedia's constitutional carry table (revision of Jul 27, 2026: https://en.wikipedia.org/w/index.php?title=Constitutional_carry&oldid=1366361234)."
permitless_carry,state,MO,true,,in_effect,,2026-09-27,Giffords Law Center,https://giffords.org/lawcenter/gun-laws/policy-areas/guns-in-public/concealed-carry/,2025-09-22,,"Giffords, 'States That Do Not Require CCW Permit': Missouri",,high,etl.laws.refresh (automated),"Confirmed by Wikipedia's constitutional carry table (revision of Jul 27, 2026: https://en.wikipedia.org/w/index.php?title=Constitutional_carry&oldid=1366361234). Minimum age per Wikipedia: open carry 19**, concealed 19**."
permitless_carry,state,MS,true,,in_effect,,2026-09-27,Giffords Law Center,https://giffords.org/lawcenter/gun-laws/policy-areas/guns-in-public/concealed-carry/,2025-09-22,,"Giffords, 'States That Do Not Require CCW Permit': Mississippi",,high,etl.laws.refresh (automated),"Confirmed by Wikipedia's constitutional carry table (revision of Jul 27, 2026: https://en.wikipedia.org/w/index.php?title=Constitutional_carry&oldid=1366361234). Minimum age per Wikipedia: open carry 18, concealed 18."
permitless_carry,state,MT,true,,in_effect,,2026-09-27,Giffords Law Center,https://giffords.org/lawcenter/gun-laws/policy-areas/guns-in-public/concealed-carry/,2025-09-22,,"Giffords, 'States That Do Not Require CCW Permit': Montana",,high,etl.laws.refresh (automated),"Confirmed by Wikipedia's constitutional carry table (revision of Jul 27, 2026: https://en.wikipedia.org/w/index.php?title=Constitutional_carry&oldid=1366361234). Minimum age per Wikipedia: open carry 18, concealed 18."
permitless_carry,state,NC,false,,in_effect,,2026-09-27,Giffords Law Center,https://giffords.org/lawcenter/gun-laws/policy-areas/guns-in-public/concealed-carry/,2025-09-22,,NC is not in Giffords' list of states that do not require a CCW permit,,high,etl.laws.refresh (automated),"Confirmed by Wikipedia's constitutional carry table (revision of Jul 27, 2026: https://en.wikipedia.org/w/index.php?title=Constitutional_carry&oldid=1366361234)."
permitless_carry,state,ND,true,,in_effect,,2026-09-27,Giffords Law Center,https://giffords.org/lawcenter/gun-laws/policy-areas/guns-in-public/concealed-carry/,2025-09-22,,"Giffords, 'States That Do Not Require CCW Permit': North Dakota",,high,etl.laws.refresh (automated),"Confirmed by Wikipedia's constitutional carry table (revision of Jul 27, 2026: https://en.wikipedia.org/w/index.php?title=Constitutional_carry&oldid=1366361234). Minimum age per Wikipedia: open carry N/A, concealed 18."
permitless_carry,state,NE,true,,in_effect,,2026-09-27,Giffords Law Center,https://giffords.org/lawcenter/gun-laws/policy-areas/guns-in-public/concealed-carry/,2025-09-22,,"Giffords, 'States That Do Not Require CCW Permit': Nebraska (effective September 10, 2023)",,high,etl.laws.refresh (automated),"Confirmed by Wikipedia's constitutional carry table (revision of Jul 27, 2026: https://en.wikipedia.org/w/index.php?title=Constitutional_carry&oldid=1366361234). Minimum age per Wikipedia: open carry 18, concealed 21."
permitless_carry,state,NH,true,,in_effect,,2026-09-27,Giffords Law Center,https://giffords.org/lawcenter/gun-laws/policy-areas/guns-in-public/concealed-carry/,2025-09-22,,"Giffords, 'States That Do Not Require CCW Permit': New Hampshire",,high,etl.laws.refresh (automated),"Confirmed by Wikipedia's constitutional carry table (revision of Jul 27, 2026: https://en.wikipedia.org/w/index.php?title=Constitutional_carry&oldid=1366361234). Minimum age per Wikipedia: open carry 18*, concealed 18*."
permitless_carry,state,NJ,false,,in_effect,,2026-09-27,Giffords Law Center,https://giffords.org/lawcenter/gun-laws/policy-areas/guns-in-public/concealed-carry/,2025-09-22,,NJ is not in Giffords' list of states that do not require a CCW permit,,high,etl.laws.refresh (automated),"Confirmed by Wikipedia's constitutional carry table (revision of Jul 27, 2026: https://en.wikipedia.org/w/index.php?title=Constitutional_carry&oldid=1366361234)."
permitless_carry,state,NM,false,,in_effect,,2026-09-27,Giffords Law Center,https://giffords.org/lawcenter/gun-laws/policy-areas/guns-in-public/concealed-carry/,2025-09-22,,NM is not in Giffords' list of states that do not require a CCW permit,,high,etl.laws.refresh (automated),"Confirmed by Wikipedia's constitutional carry table (revision of Jul 27, 2026: https://en.wikipedia.org/w/index.php?title=Constitutional_carry&oldid=1366361234)."
permitless_carry,state,NV,false,,in_effect,,2026-09-27,Giffords Law Center,https://giffords.org/lawcenter/gun-laws/policy-areas/guns-in-public/concealed-carry/,2025-09-22,,NV is not in Giffords' list of states that do not require a CCW permit,,high,etl.laws.refresh (automated),"Confirmed by Wikipedia's constitutional carry table (revision of Jul 27, 2026: https://en.wikipedia.org/w/index.php?title=Constitutional_carry&oldid=1366361234)."
permitless_carry,state,NY,false,,in_effect,,2026-09-27,Giffords Law Center,https://giffords.org/lawcenter/gun-laws/policy-areas/guns-in-public/concealed-carry/,2025-09-22,,NY is not in Giffords' list of states that do not require a CCW permit,,high,etl.laws.refresh (automated),"Confirmed by Wikipedia's constitutional carry table (revision of Jul 27, 2026: https://en.wikipedia.org/w/index.php?title=Constitutional_carry&oldid=1366361234)."
permitless_carry,state,OH,true,,in_effect,,2026-09-27,Giffords Law Center,https://giffords.org/lawcenter/gun-laws/policy-areas/guns-in-public/concealed-carry/,2025-09-22,,"Giffords, 'States That Do Not Require CCW Permit': Ohio",,high,etl.laws.refresh (automated),"Confirmed by Wikipedia's constitutional carry table (revision of Jul 27, 2026: https://en.wikipedia.org/w/index.php?title=Constitutional_carry&oldid=1366361234). Minimum age per Wikipedia: open carry 18*, concealed 21."
permitless_carry,state,OK,true,,in_effect,,2026-09-27,Giffords Law Center,https://giffords.org/lawcenter/gun-laws/policy-areas/guns-in-public/concealed-carry/,2025-09-22,,"Giffords, 'States That Do Not Require CCW Permit': Oklahoma",,high,etl.laws.refresh (automated),"Confirmed by Wikipedia's constitutional carry table (revision of Jul 27, 2026: https://en.wikipedia.org/w/index.php?title=Constitutional_carry&oldid=1366361234). Minimum age per Wikipedia: open carry 21****, concealed 21****."
permitless_carry,state,OR,false,,in_effect,,2026-09-27,Giffords Law Center,https://giffords.org/lawcenter/gun-laws/policy-areas/guns-in-public/concealed-carry/,2025-09-22,,OR is not in Giffords' list of states that do not require a CCW permit,,high,etl.laws.refresh (automated),"Confirmed by Wikipedia's constitutional carry table (revision of Jul 27, 2026: https://en.wikipedia.org/w/index.php?title=Constitutional_carry&oldid=1366361234)."
permitless_carry,state,PA,false,,in_effect,,2026-09-27,Giffords Law Center,https://giffords.org/lawcenter/gun-laws/policy-areas/guns-in-public/concealed-carry/,2025-09-22,,PA is not in Giffords' list of states that do not require a CCW permit,,high,etl.laws.refresh (automated),"Confirmed by Wikipedia's constitutional carry table (revision of Jul 27, 2026: https://en.wikipedia.org/w/index.php?title=Constitutional_carry&oldid=1366361234)."
permitless_carry,state,RI,false,,in_effect,,2026-09-27,Giffords Law Center,https://giffords.org/lawcenter/gun-laws/policy-areas/guns-in-public/concealed-carry/,2025-09-22,,RI is not in Giffords' list of states that do not require a CCW permit,,high,etl.laws.refresh (automated),"Confirmed by Wikipedia's constitutional carry table (revision of Jul 27, 2026: https://en.wikipedia.org/w/index.php?title=Constitutional_carry&oldid=1366361234)."
permitless_carry,state,SC,true,,in_effect,,2026-09-27,Giffords Law Center,https://giffords.org/lawcenter/gun-laws/policy-areas/guns-in-public/concealed-carry/,2025-09-22,,"Giffords, 'States That Do Not Require CCW Permit': South Carolina",,high,etl.laws.refresh (automated),"Confirmed by Wikipedia's constitutional carry table (revision of Jul 27, 2026: https://en.wikipedia.org/w/index.php?title=Constitutional_carry&oldid=1366361234). Minimum age per Wikipedia: open carry 18, concealed 18."
permitless_carry,state,SD,true,,in_effect,,2026-09-27,Giffords Law Center,https://giffords.org/lawcenter/gun-laws/policy-areas/guns-in-public/concealed-carry/,2025-09-22,,"Giffords, 'States That Do Not Require CCW Permit': South Dakota",,high,etl.laws.refresh (automated),"Confirmed by Wikipedia's constitutional carry table (revision of Jul 27, 2026: https://en.wikipedia.org/w/index.php?title=Constitutional_carry&oldid=1366361234). Minimum age per Wikipedia: open carry 18, concealed 18."
permitless_carry,state,TN,true,,in_effect,,2026-09-27,Giffords Law Center,https://giffords.org/lawcenter/gun-laws/policy-areas/guns-in-public/concealed-carry/,2025-09-22,,"Giffords, 'States That Do Not Require CCW Permit': Tennessee",,high,etl.laws.refresh (automated),"Confirmed by Wikipedia's constitutional carry table (revision of Jul 27, 2026: https://en.wikipedia.org/w/index.php?title=Constitutional_carry&oldid=1366361234). Minimum age per Wikipedia: open carry 18***, concealed 18***."
permitless_carry,state,TX,true,,in_effect,,2026-09-27,Giffords Law Center,https://giffords.org/lawcenter/gun-laws/policy-areas/guns-in-public/concealed-carry/,2025-09-22,,"Giffords, 'States That Do Not Require CCW Permit': Texas (effective Sept. 1, 2021)",,high,etl.laws.refresh (automated),"Confirmed by Wikipedia's constitutional carry table (revision of Jul 27, 2026: https://en.wikipedia.org/w/index.php?title=Constitutional_carry&oldid=1366361234). Minimum age per Wikipedia: open carry 18***, concealed 18***."
permitless_carry,state,UT,true,,in_effect,,2026-09-27,Giffords Law Center,https://giffords.org/lawcenter/gun-laws/policy-areas/guns-in-public/concealed-carry/,2025-09-22,,"Giffords, 'States That Do Not Require CCW Permit': Utah",,high,etl.laws.refresh (automated),"Confirmed by Wikipedia's constitutional carry table (revision of Jul 27, 2026: https://en.wikipedia.org/w/index.php?title=Constitutional_carry&oldid=1366361234). Minimum age per Wikipedia: open carry 18*, concealed 21."
permitless_carry,state,VA,false,,in_effect,,2026-09-27,Giffords Law Center,https://giffords.org/lawcenter/gun-laws/policy-areas/guns-in-public/concealed-carry/,2025-09-22,,VA is not in Giffords' list of states that do not require a CCW permit,,high,etl.laws.refresh (automated),"Confirmed by Wikipedia's constitutional carry table (revision of Jul 27, 2026: https://en.wikipedia.org/w/index.php?title=Constitutional_carry&oldid=1366361234)."
permitless_carry,state,VT,true,,in_effect,,2026-09-27,Giffords Law Center,https://giffords.org/lawcenter/gun-laws/policy-areas/guns-in-public/concealed-carry/,2025-09-22,,"Giffords, 'States That Do Not Require CCW Permit': Vermont",,high,etl.laws.refresh (automated),"Confirmed by Wikipedia's constitutional carry table (revision of Jul 27, 2026: https://en.wikipedia.org/w/index.php?title=Constitutional_carry&oldid=1366361234). Minimum age per Wikipedia: open carry 16, concealed 16."
permitless_carry,state,WA,false,,in_effect,,2026-09-27,Giffords Law Center,https://giffords.org/lawcenter/gun-laws/policy-areas/guns-in-public/concealed-carry/,2025-09-22,,WA is not in Giffords' list of states that do not require a CCW permit,,high,etl.laws.refresh (automated),"Confirmed by Wikipedia's constitutional carry table (revision of Jul 27, 2026: https://en.wikipedia.org/w/index.php?title=Constitutional_carry&oldid=1366361234)."
permitless_carry,state,WI,false,,in_effect,,2026-09-27,Giffords Law Center,https://giffords.org/lawcenter/gun-laws/policy-areas/guns-in-public/concealed-carry/,2025-09-22,,WI is not in Giffords' list of states that do not require a CCW permit,,high,etl.laws.refresh (automated),"Confirmed by Wikipedia's constitutional carry table (revision of Jul 27, 2026: https://en.wikipedia.org/w/index.php?title=Constitutional_carry&oldid=1366361234)."
permitless_carry,state,WV,true,,in_effect,,2026-09-27,Giffords Law Center,https://giffords.org/lawcenter/gun-laws/policy-areas/guns-in-public/concealed-carry/,2025-09-22,,"Giffords, 'States That Do Not Require CCW Permit': West Virginia",,high,etl.laws.refresh (automated),"Confirmed by Wikipedia's constitutional carry table (revision of Jul 27, 2026: https://en.wikipedia.org/w/index.php?title=Constitutional_carry&oldid=1366361234). Minimum age per Wikipedia: open carry 18, concealed 18."
permitless_carry,state,WY,true,,in_effect,,2026-09-27,Giffords Law Center,https://giffords.org/lawcenter/gun-laws/policy-areas/guns-in-public/concealed-carry/,2025-09-22,,"Giffords, 'States That Do Not Require CCW Permit': Wyoming",,high,etl.laws.refresh (automated),"Confirmed by Wikipedia's constitutional carry table (revision of Jul 27, 2026: https://en.wikipedia.org/w/index.php?title=Constitutional_carry&oldid=1366361234). Minimum age per Wikipedia: open carry 18*, concealed 18."
property_tax_effective_rate,county,*,,,computed,,,,https://api.census.gov/data/2023/acs/acs5,,,,,computed,,Per-county values are the property_tax_effective_rate column of the county dataset (etl/join.py). Never hand-edit.
retirement_income_taxed,state,AK,,,unknown,,,,VERIFY: state revenue dept retirement income guidance,,,,,unverified,,
retirement_income_taxed,state,AL,,,unknown,,,,VERIFY: state revenue dept retirement income guidance,,,,,unverified,,
retirement_income_taxed,state,AR,,,unknown,,,,VERIFY: state revenue dept retirement income guidance,,,,,unverified,,
retirement_income_taxed,state,AZ,,,unknown,,,,VERIFY: state revenue dept retirement income guidance,,,,,unverified,,
retirement_income_taxed,state,CA,,,unknown,,,,VERIFY: state revenue dept retirement income guidance,,,,,unverified,,
retirement_income_taxed,state,CO,,,unknown,,,,VERIFY: state revenue dept retirement income guidance,,,,,unverified,,
retirement_income_taxed,state,CT,,,unknown,,,,VERIFY: state revenue dept retirement income guidance,,,,,unverified,,
retirement_income_taxed,state,DC,,,unknown,,,,VERIFY: state revenue dept retirement income guidance,,,,,unverified,,
retirement_income_taxed,state,DE,,,unknown,,,,VERIFY: state revenue dept retirement income guidance,,,,,unverified,,
retirement_income_taxed,state,FL,,,unknown,,,,VERIFY: state revenue dept retirement income guidance,,,,,unverified,,
retirement_income_taxed,state,GA,,,unknown,,,,VERIFY: state revenue dept retirement income guidance,,,,,unverified,,
retirement_income_taxed,state,HI,,,unknown,,,,VERIFY: state revenue dept retirement income guidance,,,,,unverified,,
retirement_income_taxed,state,IA,,,unknown,,,,VERIFY: state revenue dept retirement income guidance,,,,,unverified,,
retirement_income_taxed,state,ID,,,unknown,,,,VERIFY: state revenue dept retirement income guidance,,,,,unverified,,
retirement_income_taxed,state,IL,,,unknown,,,,VERIFY: state revenue dept retirement income guidance,,,,,unverified,,
retirement_income_taxed,state,IN,,,unknown,,,,VERIFY: state revenue dept retirement income guidance,,,,,unverified,,
retirement_income_taxed,state,KS,,,unknown,,,,VERIFY: state revenue dept retirement income guidance,,,,,unverified,,
retirement_income_taxed,state,KY,,,unknown,,,,VERIFY: state revenue dept retirement income guidance,,,,,unverified,,
retirement_income_taxed,state,LA,,,unknown,,,,VERIFY: state revenue dept retirement income guidance,,,,,unverified,,
retirement_income_taxed,state,MA,,,unknown,,,,VERIFY: state revenue dept retirement income guidance,,,,,unverified,,
retirement_income_taxed,state,MD,,,unknown,,,,VERIFY: state revenue dept retirement income guidance,,,,,unverified,,
retirement_income_taxed,state,ME,,,unknown,,,,VERIFY: state revenue dept retirement income guidance,,,,,unverified,,
retirement_income_taxed,state,MI,,,unknown,,,,VERIFY: state revenue dept retirement income guidance,,,,,unverified,,
retirement_income_taxed,state,MN,,,unknown,,,,VERIFY: state revenue dept retirement income guidance,,,,,unverified,,
retirement_income_taxed,state,MO,,,unknown,,,,VERIFY: state revenue dept retirement income guidance,,,,,unverified,,
retirement_income_taxed,state,MS,,,unknown,,,,VERIFY: state revenue dept retirement income guidance,,,,,unverified,,
retirement_income_taxed,state,MT,,,unknown,,,,VERIFY: state revenue dept retirement income guidance,,,,,unverified,,
retirement_income_taxed,state,NC,,,unknown,,,,VERIFY: state revenue dept retirement income guidance,,,,,unverified,,
retirement_income_taxed,state,ND,,,unknown,,,,VERIFY: state revenue dept retirement income guidance,,,,,unverified,,
retirement_income_taxed,state,NE,,,unknown,,,,VERIFY: state revenue dept retirement income guidance,,,,,unverified,,
retirement_income_taxed,state,NH,,,unknown,,,,VERIFY: state revenue dept retirement income guidance,,,,,unverified,,
retirement_income_taxed,state,NJ,,,unknown,,,,VERIFY: state revenue dept retirement income guidance,,,,,unverified,,
retirement_income_taxed,state,NM,,,unknown,,,,VERIFY: state revenue dept retirement income guidance,,,,,unverified,,
retirement_income_taxed,state,NV,,,unknown,,,,VERIFY: state revenue dept retirement income guidance,,,,,unverified,,
retirement_income_taxed,state,NY,,,unknown,,,,VERIFY: state revenue dept retirement income guidance,,,,,unverified,,
retirement_income_taxed,state,OH,,,unknown,,,,VERIFY: state revenue dept retirement income guidance,,,,,unverified,,
retirement_income_taxed,state,OK,,,unknown,,,,VERIFY: state revenue dept retirement income guidance,,,,,unverified,,
retirement_income_taxed,state,OR,,,unknown,,,,VERIFY: state revenue dept retirement income guidance,,,,,unverified,,
retirement_income_taxed,state,PA,,,unknown,,,,VERIFY: state revenue dept retirement income guidance,,,,,unverified,,
retirement_income_taxed,state,RI,,,unknown,,,,VERIFY: state revenue dept retirement income guidance,,,,,unverified,,
retirement_income_taxed,state,SC,,,unknown,,,,VERIFY: state revenue dept retirement income guidance,,,,,unverified,,
retirement_income_taxed,state,SD,,,unknown,,,,VERIFY: state revenue dept retirement income guidance,,,,,unverified,,
retirement_income_taxed,state,TN,,,unknown,,,,VERIFY: state revenue dept retirement income guidance,,,,,unverified,,
retirement_income_taxed,state,TX,,,unknown,,,,VERIFY: state revenue dept retirement income guidance,,,,,unverified,,
retirement_income_taxed,state,UT,,,unknown,,,,VERIFY: state revenue dept retirement income guidance,,,,,unverified,,
retirement_income_taxed,state,VA,,,unknown,,,,VERIFY: state revenue dept retirement income guidance,,,,,unverified,,
retirement_income_taxed,state,VT,,,unknown,,,,VERIFY: state revenue dept retirement income guidance,,,,,unverified,,
retirement_income_taxed,state,WA,,,unknown,,,,VERIFY: state revenue dept retirement income guidance,,,,,unverified,,
retirement_income_taxed,state,WI,,,unknown,,,,VERIFY: state revenue dept retirement income guidance,,,,,unverified,,
retirement_income_taxed,state,WV,,,unknown,,,,VERIFY: state revenue dept retirement income guidance,,,,,unverified,,
retirement_income_taxed,state,WY,,,unknown,,,,VERIFY: state revenue dept retirement income guidance,,,,,unverified,,
sales_tax_combined,state,AK,1.821,1.821,in_effect,,2026-09-27,Tax Foundation,https://taxfoundation.org/data/all/state/2026-sales-tax-rates-midyear/,2026-07-01,https://taxfoundation.org/wp-content/uploads/2026/07/Sales-Tax-Data-Midyear-2026.xlsx,"State & Local Sales Tax Rates as of July 1, 2026 State State Tax Rate State Tax Rank Average Local Tax Rate Max Local Rate Combined Tax Rate Combined Rank: AK state rate 0%, average local rate 1.821%, combined 1.821%",,medium,etl.laws.refresh (automated),State 0% + average local 1.821%.
sales_tax_combined,state,AL,9.461,9.461,in_effect,,2026-09-27,Tax Foundation,https://taxfoundation.org/data/all/state/2026-sales-tax-rates-midyear/,2026-07-01,https://taxfoundation.org/wp-content/uploads/2026/07/Sales-Tax-Data-Midyear-2026.xlsx,"State & Local Sales Tax Rates as of July 1, 2026 State State Tax Rate State Tax Rank Average Local Tax Rate Max Local Rate Combined Tax Rate Combined Rank: AL state rate 4%, average local rate 5.461%, combined 9.461%",,medium,etl.laws.refresh (automated),State 4% + average local 5.461%.
sales_tax_combined,state,AR,9.48,9.48,in_effect,,2026-09-27,Tax Foundation,https://taxfoundation.org/data/all/state/2026-sales-tax-rates-midyear/,2026-07-01,https://taxfoundation.org/wp-content/uploads/2026/07/Sales-Tax-Data-Midyear-2026.xlsx,"State & Local Sales Tax Rates as of July 1, 2026 State State Tax Rate State Tax Rank Average Local Tax Rate Max Local Rate Combined Tax Rate Combined Rank: AR state rate 6.5%, average local rate 2.98%, combined 9.48%",,medium,etl.laws.refresh (automated),State 6.5% + average local 2.98%.
sales_tax_combined,state,AZ,8.536,8.536,in_effect,,2026-09-27,Tax Foundation,https://taxfoundation.org/data/all/state/2026-sales-tax-rates-midyear/,2026-07-01,https://taxfoundation.org/wp-content/uploads/2026/07/Sales-Tax-Data-Midyear-2026.xlsx,"State & Local Sales Tax Rates as of July 1, 2026 State State Tax Rate State Tax Rank Average Local Tax Rate Max Local Rate Combined Tax Rate Combined Rank: AZ state rate 5.6%, average local rate 2.936%, combined 8.536%",,medium,etl.laws.refresh (automated),State 5.6% + average local 2.936%.
sales_tax_combined,state,CA,9.032,9.032,in_effect,,2026-09-27,Tax Foundation,https://taxfoundation.org/data/all/state/2026-sales-tax-rates-midyear/,2026-07-01,https://taxfoundation.org/wp-content/uploads/2026/07/Sales-Tax-Data-Midyear-2026.xlsx,"State & Local Sales Tax Rates as of July 1, 2026 State State Tax Rate State Tax Rank Average Local Tax Rate Max Local Rate Combined Tax Rate Combined Rank: CA state rate 7.25%, average local rate 1.782%, combined 9.032%",,medium,etl.laws.refresh (automated),State 7.25% + average local 1.782%.
sales_tax_combined,state,CO,7.895,7.895,in_effect,,2026-09-27,Tax Foundation,https://taxfoundation.org/data/all/state/2026-sales-tax-rates-midyear/,2026-07-01,https://taxfoundation.org/wp-content/uploads/2026/07/Sales-Tax-Data-Midyear-2026.xlsx,"State & Local Sales Tax Rates as of July 1, 2026 State State Tax Rate State Tax Rank Average Local Tax Rate Max Local Rate Combined Tax Rate Combined Rank: CO state rate 2.9%, average local rate 4.995%, combined 7.895%",,medium,etl.laws.refresh (automated),State 2.9% + average local 4.995%.
sales_tax_combined,state,CT,6.35,6.35,in_effect,,2026-09-27,Tax Foundation,https://taxfoundation.org/data/all/state/2026-sales-tax-rates-midyear/,2026-07-01,https://taxfoundation.org/wp-content/uploads/2026/07/Sales-Tax-Data-Midyear-2026.xlsx,"State & Local Sales Tax Rates as of July 1, 2026 State State Tax Rate State Tax Rank Average Local Tax Rate Max Local Rate Combined Tax Rate Combined Rank: CT state rate 6.35%, average local rate 0%, combined 6.35%",,medium,etl.laws.refresh (automated),State 6.35% + average local 0%.
sales_tax_combined,state,DC,6,6,in_effect,,2026-09-27,Tax Foundation,https://taxfoundation.org/data/all/state/2026-sales-tax-rates-midyear/,2026-07-01,https://taxfoundation.org/wp-content/uploads/2026/07/Sales-Tax-Data-Midyear-2026.xlsx,"State & Local Sales Tax Rates as of July 1, 2026 State State Tax Rate State Tax Rank Average Local Tax Rate Max Local Rate Combined Tax Rate Combined Rank: DC state rate 6%, average local rate 0%, combined 6%",,medium,etl.laws.refresh (automated),State 6% + average local 0%.
sales_tax_combined,state,DE,0,0,in_effect,,2026-09-27,Tax Foundation,https://taxfoundation.org/data/all/state/2026-sales-tax-rates-midyear/,2026-07-01,https://taxfoundation.org/wp-content/uploads/2026/07/Sales-Tax-Data-Midyear-2026.xlsx,"State & Local Sales Tax Rates as of July 1, 2026 State State Tax Rate State Tax Rank Average Local Tax Rate Max Local Rate Combined Tax Rate Combined Rank: DE state rate 0%, average local rate 0%, combined 0%",,medium,etl.laws.refresh (automated),State 0% + average local 0%.
sales_tax_combined,state,FL,6.979,6.979,in_effect,,2026-09-27,Tax Foundation,https://taxfoundation.org/data/all/state/2026-sales-tax-rates-midyear/,2026-07-01,https://taxfoundation.org/wp-content/uploads/2026/07/Sales-Tax-Data-Midyear-2026.xlsx,"State & Local Sales Tax Rates as of July 1, 2026 State State Tax Rate State Tax Rank Average Local Tax Rate Max Local Rate Combined Tax Rate Combined Rank: FL state rate 6%, average local rate 0.979%, combined 6.979%",,medium,etl.laws.refresh (automated),State 6% + average local 0.979%.
sales_tax_combined,state,GA,7.556,7.556,in_effect,,2026-09-27,Tax Foundation,https://taxfoundation.org/data/all/state/2026-sales-tax-rates-midyear/,2026-07-01,https://taxfoundation.org/wp-content/uploads/2026/07/Sales-Tax-Data-Midyear-2026.xlsx,"State & Local Sales Tax Rates as of July 1, 2026 State State Tax Rate State Tax Rank Average Local Tax Rate Max Local Rate Combined Tax Rate Combined Rank: GA state rate 4%, average local rate 3.556%, combined 7.556%",,medium,etl.laws.refresh (automated),State 4% + average local 3.556%.
sales_tax_combined,state,HI,4.5,4.5,in_effect,,2026-09-27,Tax Foundation,https://taxfoundation.org/data/all/state/2026-sales-tax-rates-midyear/,2026-07-01,https://taxfoundation.org/wp-content/uploads/2026/07/Sales-Tax-Data-Midyear-2026.xlsx,"State & Local Sales Tax Rates as of July 1, 2026 State State Tax Rate State Tax Rank Average Local Tax Rate Max Local Rate Combined Tax Rate Combined Rank: HI state rate 4%, average local rate 0.5%, combined 4.5%",,medium,etl.laws.refresh (automated),State 4% + average local 0.5%.
sales_tax_combined,state,IA,6.943,6.943,in_effect,,2026-09-27,Tax Foundation,https://taxfoundation.org/data/all/state/2026-sales-tax-rates-midyear/,2026-07-01,https://taxfoundation.org/wp-content/uploads/2026/07/Sales-Tax-Data-Midyear-2026.xlsx,"State & Local Sales Tax Rates as of July 1, 2026 State State Tax Rate State Tax Rank Average Local Tax Rate Max Local Rate Combined Tax Rate Combined Rank: IA state rate 6%, average local rate 0.943%, combined 6.943%",,medium,etl.laws.refresh (automated),State 6% + average local 0.943%.
sales_tax_combined,state,ID,6.027,6.027,in_effect,,2026-09-27,Tax Foundation,https://taxfoundation.org/data/all/state/2026-sales-tax-rates-midyear/,2026-07-01,https://taxfoundation.org/wp-content/uploads/2026/07/Sales-Tax-Data-Midyear-2026.xlsx,"State & Local Sales Tax Rates as of July 1, 2026 State State Tax Rate State Tax Rank Average Local Tax Rate Max Local Rate Combined Tax Rate Combined Rank: ID state rate 6%, average local rate 0.027%, combined 6.027%",,medium,etl.laws.refresh (automated),State 6% + average local 0.027%.
sales_tax_combined,state,IL,8.982,8.982,in_effect,,2026-09-27,Tax Foundation,https://taxfoundation.org/data/all/state/2026-sales-tax-rates-midyear/,2026-07-01,https://taxfoundation.org/wp-content/uploads/2026/07/Sales-Tax-Data-Midyear-2026.xlsx,"State & Local Sales Tax Rates as of July 1, 2026 State State Tax Rate State Tax Rank Average Local Tax Rate Max Local Rate Combined Tax Rate Combined Rank: IL state rate 6.25%, average local rate 2.732%, combined 8.982%",,medium,etl.laws.refresh (automated),State 6.25% + average local 2.732%.
sales_tax_combined,state,IN,7,7,in_effect,,2026-09-27,Tax Foundation,https://taxfoundation.org/data/all/state/2026-sales-tax-rates-midyear/,2026-07-01,https://taxfoundation.org/wp-content/uploads/2026/07/Sales-Tax-Data-Midyear-2026.xlsx,"State & Local Sales Tax Rates as of July 1, 2026 State State Tax Rate State Tax Rank Average Local Tax Rate Max Local Rate Combined Tax Rate Combined Rank: IN state rate 7%, average local rate 0%, combined 7%",,medium,etl.laws.refresh (automated),State 7% + average local 0%.
sales_tax_combined,state,KS,8.71,8.71,in_effect,,2026-09-27,Tax Foundation,https://taxfoundation.org/data/all/state/2026-sales-tax-rates-midyear/,2026-07-01,https://taxfoundation.org/wp-content/uploads/2026/07/Sales-Tax-Data-Midyear-2026.xlsx,"State & Local Sales Tax Rates as of July 1, 2026 State State Tax Rate State Tax Rank Average Local Tax Rate Max Local Rate Combined Tax Rate Combined Rank: KS state rate 6.5%, average local rate 2.21%, combined 8.71%",,medium,etl.laws.refresh (automated),State 6.5% + average local 2.21%.
sales_tax_combined,state,KY,6,6,in_effect,,2026-09-27,Tax Foundation,https://taxfoundation.org/data/all/state/2026-sales-tax-rates-midyear/,2026-07-01,https://taxfoundation.org/wp-content/uploads/2026/07/Sales-Tax-Data-Midyear-2026.xlsx,"State & Local Sales Tax Rates as of July 1, 2026 State State Tax Rate State Tax Rank Average Local Tax Rate Max Local Rate Combined Tax Rate Combined Rank: KY state rate 6%, average local rate 0%, combined 6%",,medium,etl.laws.refresh (automated),State 6% + average local 0%.
sales_tax_combined,state,LA,10.134,10.134,in_effect,,2026-09-27,Tax Foundation,https://taxfoundation.org/data/all/state/2026-sales-tax-rates-midyear/,2026-07-01,https://taxfoundation.org/wp-content/uploads/2026/07/Sales-Tax-Data-Midyear-2026.xlsx,"State & Local Sales Tax Rates as of July 1, 2026 State State Tax Rate State Tax Rank Average Local Tax Rate Max Local Rate Combined Tax Rate Combined Rank: LA state rate 5%, average local rate 5.134%, combined 10.134%",,medium,etl.laws.refresh (automated),State 5% + average local 5.134%.
sales_tax_combined,state,MA,6.25,6.25,in_effect,,2026-09-27,Tax Foundation,https://taxfoundation.org/data/all/state/2026-sales-tax-rates-midyear/,2026-07-01,https://taxfoundation.org/wp-content/uploads/2026/07/Sales-Tax-Data-Midyear-2026.xlsx,"State & Local Sales Tax Rates as of July 1, 2026 State State Tax Rate State Tax Rank Average Local Tax Rate Max Local Rate Combined Tax Rate Combined Rank: MA state rate 6.25%, average local rate 0%, combined 6.25%",,medium,etl.laws.refresh (automated),State 6.25% + average local 0%.
sales_tax_combined,state,MD,6,6,in_effect,,2026-09-27,Tax Foundation,https://taxfoundation.org/data/all/state/2026-sales-tax-rates-midyear/,2026-07-01,https://taxfoundation.org/wp-content/uploads/2026/07/Sales-Tax-Data-Midyear-2026.xlsx,"State & Local Sales Tax Rates as of July 1, 2026 State State Tax Rate State Tax Rank Average Local Tax Rate Max Local Rate Combined Tax Rate Combined Rank: MD state rate 6%, average local rate 0%, combined 6%",,medium,etl.laws.refresh (automated),State 6% + average local 0%.
sales_tax_combined,state,ME,5.5,5.5,in_effect,,2026-09-27,Tax Foundation,https://taxfoundation.org/data/all/state/2026-sales-tax-rates-midyear/,2026-07-01,https://taxfoundation.org/wp-content/uploads/2026/07/Sales-Tax-Data-Midyear-2026.xlsx,"State & Local Sales Tax Rates as of July 1, 2026 State State Tax Rate State Tax Rank Average Local Tax Rate Max Local Rate Combined Tax Rate Combined Rank: ME state rate 5.5%, average local rate 0%, combined 5.5%",,medium,etl.laws.refresh (automated),State 5.5% + average local 0%.
sales_tax_combined,state,MI,6,6,in_effect,,2026-09-27,Tax Foundation,https://taxfoundation.org/data/all/state/2026-sales-tax-rates-midyear/,2026-07-01,https://taxfoundation.org/wp-content/uploads/2026/07/Sales-Tax-Data-Midyear-2026.xlsx,"State & Local Sales Tax Rates as of July 1, 2026 State State Tax Rate State Tax Rank Average Local Tax Rate Max Local Rate Combined Tax Rate Combined Rank: MI state rate 6%, average local rate 0%, combined 6%",,medium,etl.laws.refresh (automated),State 6% + average local 0%.
sales_tax_combined,state,MN,8.138,8.138,in_effect,,2026-09-27,Tax Foundation,https://taxfoundation.org/data/all/state/2026-sales-tax-rates-midyear/,2026-07-01,https://taxfoundation.org/wp-content/uploads/2026/07/Sales-Tax-Data-Midyear-2026.xlsx,"State & Local Sales Tax Rates as of July 1, 2026 State State Tax Rate State Tax Rank Average Local Tax Rate Max Local Rate Combined Tax Rate Combined Rank: MN state rate 6.875%, average local rate 1.263%, combined 8.138%",,medium,etl.laws.refresh (automated),State 6.875% + average local 1.263%.
sales_tax_combined,state,MO,8.445,8.445,in_effect,,2026-09-27,Tax Foundation,https://taxfoundation.org/data/all/state/2026-sales-tax-rates-midyear/,2026-07-01,https://taxfoundation.org/wp-content/uploads/2026/07/Sales-Tax-Data-Midyear-2026.xlsx,"State & Local Sales Tax Rates as of July 1, 2026 State State Tax Rate State Tax Rank Average Local Tax Rate Max Local Rate Combined Tax Rate Combined Rank: MO state rate 4.225%, average local rate 4.22%, combined 8.445%",,medium,etl.laws.refresh (automated),State 4.225% + average local 4.22%.
sales_tax_combined,state,MS,7.062,7.062,in_effect,,2026-09-27,Tax Foundation,https://taxfoundation.org/data/all/state/2026-sales-tax-rates-midyear/,2026-07-01,https://taxfoundation.org/wp-content/uploads/2026/07/Sales-Tax-Data-Midyear-2026.xlsx,"State & Local Sales Tax Rates as of July 1, 2026 State State Tax Rate State Tax Rank Average Local Tax Rate Max Local Rate Combined Tax Rate Combined Rank: MS state rate 7%, average local rate 0.062%, combined 7.062%",,medium,etl.laws.refresh (automated),State 7% + average local 0.062%.
sales_tax_combined,state,MT,0,0,in_effect,,2026-09-27,Tax Foundation,https://taxfoundation.org/data/all/state/2026-sales-tax-rates-midyear/,2026-07-01,https://taxfoundation.org/wp-content/uploads/2026/07/Sales-Tax-Data-Midyear-2026.xlsx,"State & Local Sales Tax Rates as of July 1, 2026 State State Tax Rate State Tax Rank Average Local Tax Rate Max Local Rate Combined Tax Rate Combined Rank: MT state rate 0%, average local rate 0%, combined 0%",,medium,etl.laws.refresh (automated),State 0% + average local 0%.
sales_tax_combined,state,NC,7.104,7.104,in_effect,,2026-09-27,Tax Foundation,https://taxfoundation.org/data/all/state/2026-sales-tax-rates-midyear/,2026-07-01,https://taxfoundation.org/wp-content/uploads/2026/07/Sales-Tax-Data-Midyear-2026.xlsx,"State & Local Sales Tax Rates as of July 1, 2026 State State Tax Rate State Tax Rank Average Local Tax Rate Max Local Rate Combined Tax Rate Combined Rank: NC state rate 4.75%, average local rate 2.354%, combined 7.104%",,medium,etl.laws.refresh (automated),State 4.75% + average local 2.354%.
sales_tax_combined,state,ND,7.095,7.095,in_effect,,2026-09-27,Tax Foundation,https://taxfoundation.org/data/all/state/2026-sales-tax-rates-midyear/,2026-07-01,https://taxfoundation.org/wp-content/uploads/2026/07/Sales-Tax-Data-Midyear-2026.xlsx,"State & Local Sales Tax Rates as of July 1, 2026 State State Tax Rate State Tax Rank Average Local Tax Rate Max Local Rate Combined Tax Rate Combined Rank: ND state rate 5%, average local rate 2.095%, combined 7.095%",,medium,etl.laws.refresh (automated),State 5% + average local 2.095%.
sales_tax_combined,state,NE,6.983,6.983,in_effect,,2026-09-27,Tax Foundation,https://taxfoundation.org/data/all/state/2026-sales-tax-rates-midyear/,2026-07-01,https://taxfoundation.org/wp-content/uploads/2026/07/Sales-Tax-Data-Midyear-2026.xlsx,"State & Local Sales Tax Rates as of July 1, 2026 State State Tax Rate State Tax Rank Average Local Tax Rate Max Local Rate Combined Tax Rate Combined Rank: NE state rate 5.5%, average local rate 1.483%, combined 6.983%",,medium,etl.laws.refresh (automated),State 5.5% + average local 1.483%.
sales_tax_combined,state,NH,0,0,in_effect,,2026-09-27,Tax Foundation,https://taxfoundation.org/data/all/state/2026-sales-tax-rates-midyear/,2026-07-01,https://taxfoundation.org/wp-content/uploads/2026/07/Sales-Tax-Data-Midyear-2026.xlsx,"State & Local Sales Tax Rates as of July 1, 2026 State State Tax Rate State Tax Rank Average Local Tax Rate Max Local Rate Combined Tax Rate Combined Rank: NH state rate 0%, average local rate 0%, combined 0%",,medium,etl.laws.refresh (automated),State 0% + average local 0%.
sales_tax_combined,state,NJ,6.601,6.601,in_effect,,2026-09-27,Tax Foundation,https://taxfoundation.org/data/all/state/2026-sales-tax-rates-midyear/,2026-07-01,https://taxfoundation.org/wp-content/uploads/2026/07/Sales-Tax-Data-Midyear-2026.xlsx,"State & Local Sales Tax Rates as of July 1, 2026 State State Tax Rate State Tax Rank Average Local Tax Rate Max Local Rate Combined Tax Rate Combined Rank: NJ state rate 6.625%, average local rate -0.024%, combined 6.601%",,medium,etl.laws.refresh (automated),State 6.625% + average local -0.024%.
sales_tax_combined,state,NM,7.677,7.677,in_effect,,2026-09-27,Tax Foundation,https://taxfoundation.org/data/all/state/2026-sales-tax-rates-midyear/,2026-07-01,https://taxfoundation.org/wp-content/uploads/2026/07/Sales-Tax-Data-Midyear-2026.xlsx,"State & Local Sales Tax Rates as of July 1, 2026 State State Tax Rate State Tax Rank Average Local Tax Rate Max Local Rate Combined Tax Rate Combined Rank: NM state rate 4.875%, average local rate 2.802%, combined 7.677%",,medium,etl.laws.refresh (automated),State 4.875% + average local 2.802%.
sales_tax_combined,state,NV,8.236,8.236,in_effect,,2026-09-27,Tax Foundation,https://taxfoundation.org/data/all/state/2026-sales-tax-rates-midyear/,2026-07-01,https://taxfoundation.org/wp-content/uploads/2026/07/Sales-Tax-Data-Midyear-2026.xlsx,"State & Local Sales Tax Rates as of July 1, 2026 State State Tax Rate State Tax Rank Average Local Tax Rate Max Local Rate Combined Tax Rate Combined Rank: NV state rate 6.85%, average local rate 1.386%, combined 8.236%",,medium,etl.laws.refresh (automated),State 6.85% + average local 1.386%.
sales_tax_combined,state,NY,8.542,8.542,in_effect,,2026-09-27,Tax Foundation,https://taxfoundation.org/data/all/state/2026-sales-tax-rates-midyear/,2026-07-01,https://taxfoundation.org/wp-content/uploads/2026/07/Sales-Tax-Data-Midyear-2026.xlsx,"State & Local Sales Tax Rates as of July 1, 2026 State State Tax Rate State Tax Rank Average Local Tax Rate Max Local Rate Combined Tax Rate Combined Rank: NY state rate 4%, average local rate 4.542%, combined 8.542%",,medium,etl.laws.refresh (automated),State 4% + average local 4.542%.
sales_tax_combined,state,OH,7.295,7.295,in_effect,,2026-09-27,Tax Foundation,https://taxfoundation.org/data/all/state/2026-sales-tax-rates-midyear/,2026-07-01,https://taxfoundation.org/wp-content/uploads/2026/07/Sales-Tax-Data-Midyear-2026.xlsx,"State & Local Sales Tax Rates as of July 1, 2026 State State Tax Rate State Tax Rank Average Local Tax Rate Max Local Rate Combined Tax Rate Combined Rank: OH state rate 5.75%, average local rate 1.545%, combined 7.295%",,medium,etl.laws.refresh (automated),State 5.75% + average local 1.545%.
sales_tax_combined,state,OK,9.061,9.061,in_effect,,2026-09-27,Tax Foundation,https://taxfoundation.org/data/all/state/2026-sales-tax-rates-midyear/,2026-07-01,https://taxfoundation.org/wp-content/uploads/2026/07/Sales-Tax-Data-Midyear-2026.xlsx,"State & Local Sales Tax Rates as of July 1, 2026 State State Tax Rate State Tax Rank Average Local Tax Rate Max Local Rate Combined Tax Rate Combined Rank: OK state rate 4.5%, average local rate 4.561%, combined 9.061%",,medium,etl.laws.refresh (automated),State 4.5% + average local 4.561%.
sales_tax_combined,state,OR,0,0,in_effect,,2026-09-27,Tax Foundation,https://taxfoundation.org/data/all/state/2026-sales-tax-rates-midyear/,2026-07-01,https://taxfoundation.org/wp-content/uploads/2026/07/Sales-Tax-Data-Midyear-2026.xlsx,"State & Local Sales Tax Rates as of July 1, 2026 State State Tax Rate State Tax Rank Average Local Tax Rate Max Local Rate Combined Tax Rate Combined Rank: OR state rate 0%, average local rate 0%, combined 0%",,medium,etl.laws.refresh (automated),State 0% + average local 0%.
sales_tax_combined,state,PA,6.341,6.341,in_effect,,2026-09-27,Tax Foundation,https://taxfoundation.org/data/all/state/2026-sales-tax-rates-midyear/,2026-07-01,https://taxfoundation.org/wp-content/uploads/2026/07/Sales-Tax-Data-Midyear-2026.xlsx,"State & Local Sales Tax Rates as of July 1, 2026 State State Tax Rate State Tax Rank Average Local Tax Rate Max Local Rate Combined Tax Rate Combined Rank: PA state rate 6%, average local rate 0.341%, combined 6.341%",,medium,etl.laws.refresh (automated),State 6% + average local 0.341%.
sales_tax_combined,state,RI,7,7,in_effect,,2026-09-27,Tax Foundation,https://taxfoundation.org/data/all/state/2026-sales-tax-rates-midyear/,2026-07-01,https://taxfoundation.org/wp-content/uploads/2026/07/Sales-Tax-Data-Midyear-2026.xlsx,"State & Local Sales Tax Rates as of July 1, 2026 State State Tax Rate State Tax Rank Average Local Tax Rate Max Local Rate Combined Tax Rate Combined Rank: RI state rate 7%, average local rate 0%, combined 7%",,medium,etl.laws.refresh (automated),State 7% + average local 0%.
sales_tax_combined,state,SC,7.492,7.492,in_effect,,2026-09-27,Tax Foundation,https://taxfoundation.org/data/all/state/2026-sales-tax-rates-midyear/,2026-07-01,https://taxfoundation.org/wp-content/uploads/2026/07/Sales-Tax-Data-Midyear-2026.xlsx,"State & Local Sales Tax Rates as of July 1, 2026 State State Tax Rate State Tax Rank Average Local Tax Rate Max Local Rate Combined Tax Rate Combined Rank: SC state rate 6%, average local rate 1.492%, combined 7.492%",,medium,etl.laws.refresh (automated),State 6% + average local 1.492%.
sales_tax_combined,state,SD,6.114,6.114,in_effect,,2026-09-27,Tax Foundation,https://taxfoundation.org/data/all/state/2026-sales-tax-rates-midyear/,2026-07-01,https://taxfoundation.org/wp-content/uploads/2026/07/Sales-Tax-Data-Midyear-2026.xlsx,"State & Local Sales Tax Rates as of July 1, 2026 State State Tax Rate State Tax Rank Average Local Tax Rate Max Local Rate Combined Tax Rate Combined Rank: SD state rate 4.2%, average local rate 1.914%, combined 6.114%",,medium,etl.laws.refresh (automated),State 4.2% + average local 1.914%.
sales_tax_combined,state,TN,9.61,9.61,in_effect,,2026-09-27,Tax Foundation,https://taxfoundation.org/data/all/state/2026-sales-tax-rates-midyear/,2026-07-01,https://taxfoundation.org/wp-content/uploads/2026/07/Sales-Tax-Data-Midyear-2026.xlsx,"State & Local Sales Tax Rates as of July 1, 2026 State State Tax Rate State Tax Rank Average Local Tax Rate Max Local Rate Combined Tax Rate Combined Rank: TN state rate 7%, average local rate 2.61%, combined 9.61%",,medium,etl.laws.refresh (automated),State 7% + average local 2.61%.
sales_tax_combined,state,TX,8.201,8.201,in_effect,,2026-09-27,Tax Foundation,https://taxfoundation.org/data/all/state/2026-sales-tax-rates-midyear/,2026-07-01,https://taxfoundation.org/wp-content/uploads/2026/07/Sales-Tax-Data-Midyear-2026.xlsx,"State & Local Sales Tax Rates as of July 1, 2026 State State Tax Rate State Tax Rank Average Local Tax Rate Max Local Rate Combined Tax Rate Combined Rank: TX state rate 6.25%, average local rate 1.951%, combined 8.201%",,medium,etl.laws.refresh (automated),State 6.25% + average local 1.951%.
sales_tax_combined,state,UT,7.424,7.424,in_effect,,2026-09-27,Tax Foundation,https://taxfoundation.org/data/all/state/2026-sales-tax-rates-midyear/,2026-07-01,https://taxfoundation.org/wp-content/uploads/2026/07/Sales-Tax-Data-Midyear-2026.xlsx,"State & Local Sales Tax Rates as of July 1, 2026 State State Tax Rate State Tax Rank Average Local Tax Rate Max Local Rate Combined Tax Rate Combined Rank: UT state rate 6.1%, average local rate 1.324%, combined 7.424%",,medium,etl.laws.refresh (automated),State 6.1% + average local 1.324%.
sales_tax_combined,state,VA,5.771,5.771,in_effect,,2026-09-27,Tax Foundation,https://taxfoundation.org/data/all/state/2026-sales-tax-rates-midyear/,2026-07-01,https://taxfoundation.org/wp-content/uploads/2026/07/Sales-Tax-Data-Midyear-2026.xlsx,"State & Local Sales Tax Rates as of July 1, 2026 State State Tax Rate State Tax Rank Average Local Tax Rate Max Local Rate Combined Tax Rate Combined Rank: VA state rate 5.3%, average local rate 0.471%, combined 5.771%",,medium,etl.laws.refresh (automated),State 5.3% + average local 0.471%.
sales_tax_combined,state,VT,6.432,6.432,in_effect,,2026-09-27,Tax Foundation,https://taxfoundation.org/data/all/state/2026-sales-tax-rates-midyear/,2026-07-01,https://taxfoundation.org/wp-content/uploads/2026/07/Sales-Tax-Data-Midyear-2026.xlsx,"State & Local Sales Tax Rates as of July 1, 2026 State State Tax Rate State Tax Rank Average Local Tax Rate Max Local Rate Combined Tax Rate Combined Rank: VT state rate 6%, average local rate 0.432%, combined 6.432%",,medium,etl.laws.refresh (automated),State 6% + average local 0.432%.
sales_tax_combined,state,WA,9.566,9.566,in_effect,,2026-09-27,Tax Foundation,https://taxfoundation.org/data/all/state/2026-sales-tax-rates-midyear/,2026-07-01,https://taxfoundation.org/wp-content/uploads/2026/07/Sales-Tax-Data-Midyear-2026.xlsx,"State & Local Sales Tax Rates as of July 1, 2026 State State Tax Rate State Tax Rank Average Local Tax Rate Max Local Rate Combined Tax Rate Combined Rank: WA state rate 6.5%, average local rate 3.066%, combined 9.566%",,medium,etl.laws.refresh (automated),State 6.5% + average local 3.066%.
sales_tax_combined,state,WI,5.72,5.72,in_effect,,2026-09-27,Tax Foundation,https://taxfoundation.org/data/all/state/2026-sales-tax-rates-midyear/,2026-07-01,https://taxfoundation.org/wp-content/uploads/2026/07/Sales-Tax-Data-Midyear-2026.xlsx,"State & Local Sales Tax Rates as of July 1, 2026 State State Tax Rate State Tax Rank Average Local Tax Rate Max Local Rate Combined Tax Rate Combined Rank: WI state rate 5%, average local rate 0.72%, combined 5.72%",,medium,etl.laws.refresh (automated),State 5% + average local 0.72%.
sales_tax_combined,state,WV,6.599,6.599,in_effect,,2026-09-27,Tax Foundation,https://taxfoundation.org/data/all/state/2026-sales-tax-rates-midyear/,2026-07-01,https://taxfoundation.org/wp-content/uploads/2026/07/Sales-Tax-Data-Midyear-2026.xlsx,"State & Local Sales Tax Rates as of July 1, 2026 State State Tax Rate State Tax Rank Average Local Tax Rate Max Local Rate Combined Tax Rate Combined Rank: WV state rate 6%, average local rate 0.599%, combined 6.599%",,medium,etl.laws.refresh (automated),State 6% + average local 0.599%.
sales_tax_combined,state,WY,5.387,5.387,in_effect,,2026-09-27,Tax Foundation,https://taxfoundation.org/data/all/state/2026-sales-tax-rates-midyear/,2026-07-01,https://taxfoundation.org/wp-content/uploads/2026/07/Sales-Tax-Data-Midyear-2026.xlsx,"State & Local Sales Tax Rates as of July 1, 2026 State State Tax Rate State Tax Rank Average Local Tax Rate Max Local Rate Combined Tax Rate Combined Rank: WY state rate 4%, average local rate 1.387%, combined 5.387%",,medium,etl.laws.refresh (automated),State 4% + average local 1.387%.
